{
  "$schema": "http://json-schema.org/draft-04/schema#",
  "type": "object",
  "properties": {
    "SearchCCOID": {
      "type": "string"
    },
    "Origin": {
      "type": "string"
    },
    "Subject": {
      "type": "string"
    },
    "Description": {
      "type": ["string","integer"]
    },
    "Priority": {
      "type": "string"
    },
    "IsItForFederal": {
      "type": "string"
    },
    "ServiceCatalogName" : {
      "type" : "string",
      "minLength": 1
    },
    "SourceSystem" : {
      "type" : "string"
    },
    "DynamicFieldList" : {
      "type" : "array",
      "items" : {
      	"type" : "object"
      }  
    }
    
  },
  "required": [
    "SearchCCOID",
    "Origin",
    "Subject",
    "ServiceCatalogName"
  ]
}