{
"SearchCCOID": "praddash",
 "Origin": "Web",
 "Subject": "Testing 123",
 "Description": "Creating Sample Case",
"Priority": "P4",
 "IsItForFederal": "false",
 "ServiceCategory": "Order Modifications",
 "ServiceName": "Internal Orders",
 "ServiceOffering": "Order Entry and Validation",
 "DynamicQuestion":"What type of quote?",
 "DynamicResponse":"CSCC for 1 Tier / Direct",
 "MenuOption":"New Quote",
 "SourceSystem":"CCW(CCW-Order-Support@cisco.com)",
 "CaseNote":
    {
        "Visibility":"External",
        "NoteType":"General",
        "NoteDescription":"Testing the Case Note this should be captured as a case note in SFDC"
    }
}
