<?xml version="1.0" encoding="UTF-8"?>
<mule xmlns="http://www.mulesoft.org/schema/mule/core" xmlns:compatibility="http://www.mulesoft.org/schema/mule/compatibility" xmlns:db="http://www.mulesoft.org/schema/mule/db" xmlns:doc="http://www.mulesoft.org/schema/mule/documentation" xmlns:ee="http://www.mulesoft.org/schema/mule/ee/core" xmlns:http="http://www.mulesoft.org/schema/mule/http" xmlns:migration="migration" xmlns:spring="http://www.springframework.org/schema/beans" xmlns:xsi="http://www.w3.org/2001/XMLSchema-instance" migration:migrationId="574afa02-b1ac-419e-9067-aa02d2a95e3e" xsi:schemaLocation=" http://www.mulesoft.org/schema/mule/db http://www.mulesoft.org/schema/mule/db/current/mule-db.xsd    http://www.springframework.org/schema/beans http://www.springframework.org/schema/beans/spring-beans-current.xsd http://www.mulesoft.org/schema/mule/core http://www.mulesoft.org/schema/mule/core/current/mule.xsd http://www.mulesoft.org/schema/mule/ee/core http://www.mulesoft.org/schema/mule/ee/core/current/mule-ee.xsd http://www.mulesoft.org/schema/mule/http http://www.mulesoft.org/schema/mule/http/current/mule-http.xsd http://www.mulesoft.org/schema/mule/compatibility http://www.mulesoft.org/schema/mule/compatibility/current/mule-compatibility.xsd">

    <flow migration:migrationId="6dc7e326-8fb5-4fdb-9b8e-a7a93d132736" name="post:\createCase\caseNoteUpdate:application\json:sfdc-caseapi-config">
        <flow-ref migration:migrationId="a70b5f80-2615-4fa5-a962-953a7ea35626" name="Convert-Stream-to-Map" doc:name="Convert-Stream-to-Map" />

        <ee:transform doc:name="Transform Message" doc:id="d4959ee0-516c-4697-9a43-5f93ebfc8f6f" >
			<ee:message >
			</ee:message>
			<ee:variables >
				<ee:set-variable variableName="searchccoid" ><![CDATA[payload.SearchCCOID]]></ee:set-variable>
				<ee:set-variable variableName="origin" ><![CDATA[payload.Origin]]></ee:set-variable>
				<ee:set-variable variableName="subject" ><![CDATA[payload.Subject]]></ee:set-variable>
				<ee:set-variable variableName="description" ><![CDATA[payload.Description]]></ee:set-variable>
				<ee:set-variable variableName="priority" ><![CDATA[payload.Priority]]></ee:set-variable>
				<ee:set-variable variableName="sourceSystem" ><![CDATA[payload.SourceSystem]]></ee:set-variable>
				<ee:set-variable variableName="inputPayload" ><![CDATA[payload]]></ee:set-variable>
				<ee:set-variable variableName="serviceName" ><![CDATA[payload.ServiceName]]></ee:set-variable>
				<ee:set-variable variableName="serviceOffering" ><![CDATA[payload.ServiceOffering]]></ee:set-variable>
				<ee:set-variable variableName="serviceCategory" ><![CDATA[payload.ServiceCategory]]></ee:set-variable>
				<ee:set-variable variableName="caseNoteType" ><![CDATA[payload.CaseNote['NoteType']]]></ee:set-variable>
				<ee:set-variable variableName="caseNoteDescription" ><![CDATA[payload.CaseNote['NoteDescription']]]></ee:set-variable>
			</ee:variables>
		</ee:transform>
		<logger migration:migrationId="c3f21bec-a53f-42a0-be52-b47feaa56cc5" message="#[&quot;Case Note : $(vars.caseNoteType) , $(vars.caseNoteDescription)&quot;]" level="INFO" doc:name="Logger" />

        <db:select migration:migrationId="e4ec59d2-2696-462a-aba0-915b362b8dd7" config-ref="Oracle_Configuration" doc:name="Database">
            <!--Migration INFO: Streaming is enabled by default in Mule 4-->
            <!--    For more information refer to:-->
            <!--        * https://docs.mulesoft.com/mule-runtime/4.3/migration-connectors-database#database_streaming-->
            <db:sql migration:migrationId="c480de2b-a9db-4a64-b33b-403acb7a447a"><![CDATA[#["select distinct DestinationSystem from CASE_PLATFORM where (Status = 'Active' and  (SourceSystem = $(vars.sourceSystem) and ServiceId = $(vars.serviceId)) or (SourceSystem = $(vars.sourceSystem)) or (SourceSystem is null and ServiceId = $(vars.serviceId)))"]]]></db:sql>
        </db:select>

        <ee:transform migration:migrationId="84123eeb-7ab0-413e-98b5-5c47ec4cc1ed" doc:name="Transform Message">
            <ee:message>
                <ee:set-payload migration:migrationId="d9083490-11ff-4237-b794-0118169a0f70"><![CDATA[%dw 2.0
output application/java  
---
payload[0]]]></ee:set-payload>
            </ee:message>
            <ee:variables>
                <ee:set-variable migration:migrationId="a0945483-0c4e-440e-8630-c3666320db34" variableName="destinationSystem"><![CDATA[%dw 2.0
output application/java  
---
payload[0].DESTINATIONSYSTEM]]></ee:set-variable>
            </ee:variables>
        </ee:transform>

        <logger migration:migrationId="50829350-e963-4b78-bb0b-798c5ad87047" message="#[payload]" level="INFO" doc:name="Logger" />

        <choice migration:migrationId="11360aae-9f7c-4e65-b2d2-03a14e2afa8d" doc:name="Choice">
            <when migration:migrationId="f042bd60-7ca6-4224-8213-0086bd1fb0b1" expression="#[vars.destinationSystem == 'Pega']">
                <logger migration:migrationId="0cad35e5-0dbb-477c-88e3-a8605264f947" level="INFO" doc:name="Creating Case in Pega" message="Creating Case in Pega" />
            </when>
            <otherwise migration:migrationId="5fdd49f9-f73c-424c-875e-e6996de09187">
                <logger migration:migrationId="122997ae-eba8-4c4d-8d06-e19091b83abe" level="INFO" doc:name="Creating Case in Salesforce" message="Creating Case in Salesforce" />
            </otherwise>
        </choice>

    </flow>

    <flow migration:migrationId="e10c2f12-b286-4a04-a635-b69c0ba5d971" name="post:\createCase\serviceCatalogName:application\json:sfdc-caseapi-config">
        <flow-ref migration:migrationId="d3449d51-77e2-44dc-881f-9ae878a45e29" name="Convert-Stream-to-Map" doc:name="Convert-Stream-to-Map" />

        <ee:transform doc:name="Transform Message" doc:id="2351e3da-791e-4d9d-b6a2-989b8998db96" >
			<ee:message >
			</ee:message>
			<ee:variables >
				<ee:set-variable variableName="searchccoid" ><![CDATA[payload.SearchCCOID]]></ee:set-variable>
				<ee:set-variable variableName="origin" ><![CDATA[payload.Origin]]></ee:set-variable>
				<ee:set-variable variableName="subject" ><![CDATA[payload.Subject]]></ee:set-variable>
				<ee:set-variable variableName="description" ><![CDATA[payload.Description]]></ee:set-variable>
				<ee:set-variable variableName="priority" ><![CDATA[payload.Priority]]></ee:set-variable>
				<ee:set-variable variableName="serviceCatalogName" ><![CDATA[payload.ServiceCatalogName]]></ee:set-variable>
				<ee:set-variable variableName="sourceSystem" ><![CDATA[payload.SourceSystem]]></ee:set-variable>
				<ee:set-variable variableName="inputPayload" ><![CDATA[payload]]></ee:set-variable>
			</ee:variables>
		</ee:transform>
		<logger migration:migrationId="6a9ac420-ca4b-4e4e-9be1-d1356306bcc7" message="#[&quot;Service Catalog : $(vars.serviceCatalogName)&quot;]" level="INFO" doc:name="Logger" />

        <db:select migration:migrationId="9f5cc5d8-7a1d-4b5b-a205-90856a599222" config-ref="Oracle_Configuration" doc:name="Database">
            <!--Migration INFO: Streaming is enabled by default in Mule 4-->
            <!--    For more information refer to:-->
            <!--        * https://docs.mulesoft.com/mule-runtime/4.3/migration-connectors-database#database_streaming-->
            <db:sql migration:migrationId="191d7c21-6355-4a4c-bc38-8eecfcf539b8"><![CDATA[#["select distinct DestinationSystem from CASE_PLATFORM where (Status = 'Active' and  (SourceSystem = $(vars.sourceSystem) and ServiceCatalogName = $(vars.serviceCatalogName)) or (SourceSystem = $(vars.sourceSystem)) or (SourceSystem is null and ServiceCatalogName = $(vars.serviceCatalogName)))"]]]></db:sql>
        </db:select>

        <ee:transform migration:migrationId="2d014ed3-9b63-4df8-ad80-0891065f1923" doc:name="Transform Message">
            <ee:message>
                <ee:set-payload migration:migrationId="190856e4-4c16-44e3-a254-191b02b05b0f"><![CDATA[%dw 2.0
output application/java  
---
payload[0]]]></ee:set-payload>
            </ee:message>
            <ee:variables>
                <ee:set-variable migration:migrationId="4cf93401-b088-4a49-9b51-cb657e792f00" variableName="destinationSystem"><![CDATA[%dw 2.0
output application/java  
---
payload[0].DESTINATIONSYSTEM]]></ee:set-variable>
            </ee:variables>
        </ee:transform>

        <logger migration:migrationId="9c07a48f-d052-4d19-a7d3-58cb5e07192a" message="#[payload]" level="INFO" doc:name="Logger" />

        <choice migration:migrationId="d30e9007-bddd-4f4c-846a-51d215a2019e" doc:name="Choice">
            <when migration:migrationId="15533f1a-bc4b-4328-8b02-487637b7daef" expression="#[vars.destinationSystem == 'Pega']">
                <logger migration:migrationId="4eb00edf-e2c5-4a6c-b877-0fc1099faf63" level="INFO" doc:name="Creating Case in Pega" message="Creating Case in Pega" />
            </when>
            <otherwise migration:migrationId="30f2b521-98ed-4dd7-8dbd-71911b664df4">
                <logger migration:migrationId="148f8008-5cae-4aa4-8fd6-f5e1f71cccb9" level="INFO" doc:name="Creating Case in Salesforce" message="Creating Case in Salesforce" />
            </otherwise>
        </choice>

    </flow>

    <flow migration:migrationId="b478bfda-997b-4f0c-a66b-66822cb0fc40" name="post:\createCase\serviceCategoryNameOffering:application\json:sfdc-caseapi-config">
        <flow-ref migration:migrationId="1cf97962-1fa8-4420-a9ec-5a5723b1e751" name="Convert-Stream-to-Map" doc:name="Convert-Stream-to-Map" />

        <ee:transform doc:name="Transform Message" doc:id="ba3e9e30-5ccb-4df1-99eb-5e9b84e1b786" >
			<ee:message >
			</ee:message>
			<ee:variables >
				<ee:set-variable variableName="searchccoid" ><![CDATA[payload.SearchCCOID]]></ee:set-variable>
				<ee:set-variable variableName="origin" ><![CDATA[payload.Origin]]></ee:set-variable>
				<ee:set-variable variableName="subject" ><![CDATA[payload.Subject]]></ee:set-variable>
				<ee:set-variable variableName="description" ><![CDATA[payload.Description]]></ee:set-variable>
				<ee:set-variable variableName="priority" ><![CDATA[payload.Priority]]></ee:set-variable>
				<ee:set-variable variableName="sourceSystem" ><![CDATA[payload.SourceSystem]]></ee:set-variable>
				<ee:set-variable variableName="inputPayload" ><![CDATA[payload]]></ee:set-variable>
				<ee:set-variable variableName="serviceName" ><![CDATA[payload.ServiceName]]></ee:set-variable>
				<ee:set-variable variableName="serviceOffering" ><![CDATA[payload.ServiceOffering]]></ee:set-variable>
				<ee:set-variable variableName="serviceCategory" ><![CDATA[payload.ServiceCategory]]></ee:set-variable>
			</ee:variables>
		</ee:transform>
		<logger migration:migrationId="33dc5917-7a03-4e0d-822c-839552eff6ee" message="#[&quot;Service : $(vars.serviceCategory) , $(vars.serviceName) , $(vars.serviceOffering)&quot;]" level="INFO" doc:name="Logger" />

        <db:select migration:migrationId="b6aee943-932a-4ef8-b33e-b41fcc986ec1" config-ref="Oracle_Configuration" doc:name="Database">
            <!--Migration INFO: Streaming is enabled by default in Mule 4-->
            <!--    For more information refer to:-->
            <!--        * https://docs.mulesoft.com/mule-runtime/4.3/migration-connectors-database#database_streaming-->
            <db:sql migration:migrationId="c20a2048-72eb-490f-aee4-4708588af0d6"><![CDATA[#["select distinct DestinationSystem from CASE_PLATFORM where (Status = 'Active' and  (SourceSystem = $(vars.sourceSystem) and ServiceCategory = $(vars.serviceCategory)) or (SourceSystem = $(vars.sourceSystem)) or (SourceSystem is null and ServiceCategory = $(vars.serviceCategory)))"]]]></db:sql>
        </db:select>

        <ee:transform migration:migrationId="7c1919db-7a95-43c1-91f8-903b94b8ed43" doc:name="Transform Message">
            <ee:message>
                <ee:set-payload migration:migrationId="987b75b3-1e87-4bd2-903d-302cb9daf31e"><![CDATA[%dw 2.0
output application/java  
---
payload[0]]]></ee:set-payload>
            </ee:message>
            <ee:variables>
                <ee:set-variable migration:migrationId="92d16bce-60d3-4985-a81d-5b246957dbfe" variableName="destinationSystem"><![CDATA[%dw 2.0
output application/java  
---
payload[0].DESTINATIONSYSTEM]]></ee:set-variable>
            </ee:variables>
        </ee:transform>

        <logger migration:migrationId="db532bf6-14fd-4324-b5d3-95cf4b6720b7" message="#[payload]" level="INFO" doc:name="Logger" />

        <choice migration:migrationId="2741985a-4621-4977-98c7-6388e9da1a12" doc:name="Choice">
            <when migration:migrationId="30280757-42d8-4324-b75e-d51ce3a02852" expression="#[vars.destinationSystem == 'Pega']">
                <logger migration:migrationId="5b1ce477-7d03-4e99-be3e-476062fd64bc" level="INFO" doc:name="Creating Case in Pega" message="Creating Case in Pega" />
            </when>
            <otherwise migration:migrationId="7df729f5-bf82-4361-8efa-f775748a466e">
                <logger migration:migrationId="e1ad802a-a455-4091-84c3-6f2383379671" level="INFO" doc:name="Creating Case in Salesforce" message="Creating Case in Salesforce" />
            </otherwise>
        </choice>

    </flow>

    <flow migration:migrationId="f96740e7-67e4-4ddd-af0c-a8f429dbc2e0" name="post:\createCase\serviceId:application\json:sfdc-caseapi-config">
        <flow-ref migration:migrationId="bf6768e5-a340-4af6-b84a-32315ef6d774" name="Convert-Stream-to-Map" doc:name="Convert-Stream-to-Map" />

        <ee:transform doc:name="Transform Message" doc:id="e13ae6f0-ea21-41e4-9e10-1645a6a7012b" >
			<ee:message >
			</ee:message>
			<ee:variables >
				<ee:set-variable variableName="searchccoid" ><![CDATA[payload.SearchCCOID]]></ee:set-variable>
				<ee:set-variable variableName="origin" ><![CDATA[payload.Origin]]></ee:set-variable>
				<ee:set-variable variableName="subject" ><![CDATA[payload.Subject]]></ee:set-variable>
				<ee:set-variable variableName="description" ><![CDATA[payload.Description]]></ee:set-variable>
				<ee:set-variable variableName="priority" ><![CDATA[payload.Priority]]></ee:set-variable>
				<ee:set-variable variableName="serviceId" ><![CDATA[payload.ServiceId]]></ee:set-variable>
				<ee:set-variable variableName="sourceSystem" ><![CDATA[payload.SourceSystem]]></ee:set-variable>
				<ee:set-variable variableName="inputPayload" ><![CDATA[payload]]></ee:set-variable>
			</ee:variables>
		</ee:transform>
		<logger migration:migrationId="c6c1b173-1a38-45bc-9566-a1b128ceacdf" message="#[vars.serviceId]" level="INFO" doc:name="Logger" />

        <db:select migration:migrationId="4bf15c2e-3b82-428c-9cf6-0560ee332f88" config-ref="Oracle_Configuration" doc:name="Database">
            <!--Migration INFO: Streaming is enabled by default in Mule 4-->
            <!--    For more information refer to:-->
            <!--        * https://docs.mulesoft.com/mule-runtime/4.3/migration-connectors-database#database_streaming-->
            <db:sql migration:migrationId="2a4c5fcb-4d19-4e03-8b6b-7dcacc00f849"><![CDATA[#["select distinct DestinationSystem from CASE_PLATFORM where (Status = 'Active' and  (SourceSystem = $(vars.sourceSystem) and ServiceId = $(vars.serviceId)) or (SourceSystem = $(vars.sourceSystem)) or (SourceSystem is null and ServiceId = $(vars.serviceId)))"]]]></db:sql>
        </db:select>

        <ee:transform migration:migrationId="748f6b02-9f64-4604-84a8-569daba9775e" doc:name="Transform Message">
            <ee:message>
                <ee:set-payload migration:migrationId="b320c5f4-d788-4159-8a48-2e38e5591d30"><![CDATA[%dw 2.0
output application/java  
---
payload[0]]]></ee:set-payload>
            </ee:message>
            <ee:variables>
                <ee:set-variable migration:migrationId="b7257634-0a26-4f91-993c-5ec425851eab" variableName="destinationSystem"><![CDATA[%dw 2.0
output application/java  
---
payload[0].DESTINATIONSYSTEM]]></ee:set-variable>
            </ee:variables>
        </ee:transform>

        <logger migration:migrationId="f641e1fa-33b6-4353-b4a3-b89bac99a745" message="#[payload]" level="INFO" doc:name="Logger" />

        <choice migration:migrationId="6491ab45-b2af-47e8-9699-1f81ae9aca17" doc:name="Choice">
            <when migration:migrationId="d1b3211e-c052-4f90-ac62-9dcbe185ed02" expression="#[vars.destinationSystem == 'Pega']">
                <logger migration:migrationId="21e56ba2-0162-4f1b-9651-1494a3fc4ba3" level="INFO" doc:name="Creating Case in Pega" message="Creating Case in Pega" />
            </when>
            <otherwise migration:migrationId="93a323a1-d08e-48a2-b5a3-c7dccc1384fc">
                <logger migration:migrationId="57396b01-8d22-462c-a215-75e815df01bb" level="INFO" doc:name="Creating Case in Salesforce" message="Creating Case in Salesforce" />
            </otherwise>
        </choice>

    </flow>

</mule>
