<?xml version="1.0" encoding="UTF-8"?>
<mule xmlns="http://www.mulesoft.org/schema/mule/core" xmlns:compatibility="http://www.mulesoft.org/schema/mule/compatibility" xmlns:core="http://www.mulesoft.org/schema/mule/core" xmlns:doc="http://www.mulesoft.org/schema/mule/documentation" xmlns:ee="http://www.mulesoft.org/schema/mule/ee/core" xmlns:http="http://www.mulesoft.org/schema/mule/http" xmlns:json="http://www.mulesoft.org/schema/mule/json" xmlns:migration="migration" xmlns:spring="http://www.springframework.org/schema/beans" xmlns:xsi="http://www.w3.org/2001/XMLSchema-instance" migration:migrationId="088f9de2-0166-4f3c-9f50-965714549534" xsi:schemaLocation="http://www.mulesoft.org/schema/mule/http http://www.mulesoft.org/schema/mule/http/current/mule-http.xsd http://www.springframework.org/schema/beans http://www.springframework.org/schema/beans/spring-beans-current.xsd http://www.mulesoft.org/schema/mule/json http://www.mulesoft.org/schema/mule/json/current/mule-json.xsd   http://www.mulesoft.org/schema/mule/core http://www.mulesoft.org/schema/mule/core/current/mule.xsd http://www.mulesoft.org/schema/mule/ee/core http://www.mulesoft.org/schema/mule/ee/core/current/mule-ee.xsd http://www.mulesoft.org/schema/mule/compatibility http://www.mulesoft.org/schema/mule/compatibility/current/mule-compatibility.xsd">

    <configuration-properties file="mule-app.properties" />

    <sub-flow migration:migrationId="c73db9d0-dabc-4359-85cc-9b30d5a4cee2" name="Pega-Response-Transformation">
        <choice migration:migrationId="ac2fa75a-c7c7-4974-b804-2a4de96f8e9d" doc:name="Choice">
            <when migration:migrationId="9c0c7810-e63b-45ce-b2ed-1d7028b02ece" expression="#[payload.ERR_CODE == '1106']">
                <logger migration:migrationId="15b472c7-8a6a-41c9-956b-b68bccc14a29" level="INFO" doc:name="Logger" />
                <ee:transform migration:migrationId="2968d676-22bd-467b-9907-4fdc60cdd39c" doc:name="Transform Message">
                    <ee:message>
                        <ee:set-payload migration:migrationId="2056dbac-3f61-4030-896e-4b9eb092800a"><![CDATA[%dw 2.0
output application/json  
---
{
  PEGA_REQUEST_ID: payload.PEGA_REQUEST_ID,
  STATUS: "SUBMITTED",
  SOURCE_REQUEST_ID: payload.SOURCE_REQUEST_ID,
  CaseNumber: payload.PEGA_REQUEST_ID
}]]></ee:set-payload>
                    </ee:message>
                </ee:transform>
            </when>
            <otherwise migration:migrationId="e0a02a27-9a7c-4a2d-afcc-5b8269401c11">
                <logger migration:migrationId="4d1fea69-713c-42b4-8626-4af336966bb1" level="INFO" doc:name="Logger" />
                <ee:transform migration:migrationId="3e71a773-d661-41d2-a774-7610fd430fe2" mimeType="application/json" doc:name="Object to JSON">
                    <ee:message>
                        <ee:set-payload><![CDATA[%dw 2.0 
output application/json 
--- 
payload]]></ee:set-payload>
                    </ee:message>
                </ee:transform>
                <ee:transform migration:migrationId="52bd07e4-9e1c-480b-9f59-a0b37b76e1f2" doc:name="Transform Message">
                    <ee:message>
                        <ee:set-payload migration:migrationId="46c8cdf2-c5b1-45fc-90e9-66f7c7ca0b8c"><![CDATA[%dw 2.0
output application/json  
---
payload]]></ee:set-payload>
                    </ee:message>
                </ee:transform>
            </otherwise>
        </choice>
    </sub-flow>

    <sub-flow migration:migrationId="c9b72b79-ba93-47b6-9250-c894a18dba0d" name="Convert-Stream-to-Map">
        <logger migration:migrationId="35389289-16d9-4da4-9a7e-70fbe7264333" message="Convert Stream String" level="INFO" category="com.cisco.${mule.env}" doc:name="Logger" />
        <choice migration:migrationId="8a479a3d-3a01-4c64-b718-2ce001a8bc9c" doc:name="Choice">
            <when migration:migrationId="7b6649a6-cdee-40a3-8dbc-b6a039a937bf" expression="#[!payload.startsWith('[') &amp;&amp; payload != empty]">
                <!--Migration WARN: The MEL expression could not be migrated to a DataWeave expression.-->
                <!--    For more information refer to:-->
                <!--        * https://docs.mulesoft.com/mule-runtime/4.3/migration-mel-->
                <!--        * https://github.com/mulesoft/mule-migration-assistant/blob/master/docs/user-docs/migration-tool-post-mig.adoc#mel_expressions-->
                <!--        * https://blogs.mulesoft.com/dev/mule-dev/why-dataweave-main-expression-language-mule-4-->
                <logger migration:migrationId="a558ce00-07bb-4238-b120-fb3895648e7e" message="JSON found" level="INFO" category="com.cisco.${mule.env}" doc:name="JSON" />
                <ee:transform migration:migrationId="170e38b5-3b67-415b-8ca1-8710a04567cb" doc:name="JSON to Map">
                    <ee:message>
                        <ee:set-payload><![CDATA[%dw 2.0 
output application/java 
--- 
payload]]></ee:set-payload>
                    </ee:message>
                </ee:transform>
            </when>
            <when migration:migrationId="c6a4a518-24b5-4a4c-acc6-a7c5952da8c7" expression="#[payload.startsWith('[') &amp;&amp; payload != empty]">
                <!--Migration WARN: The MEL expression could not be migrated to a DataWeave expression.-->
                <!--    For more information refer to:-->
                <!--        * https://docs.mulesoft.com/mule-runtime/4.3/migration-mel-->
                <!--        * https://github.com/mulesoft/mule-migration-assistant/blob/master/docs/user-docs/migration-tool-post-mig.adoc#mel_expressions-->
                <!--        * https://blogs.mulesoft.com/dev/mule-dev/why-dataweave-main-expression-language-mule-4-->
                <!--Migration WARN: The MEL expression contains a method invocation that could not be migrated to a Dataweave expression.-->
                <!--    For more information refer to:-->
                <!--        * https://docs.mulesoft.com/dataweave/2.4/dataweave-cookbook-java-methods-->
                <!--        * https://docs.mulesoft.com/mule-runtime/4.3/migration-mel-->
                <logger migration:migrationId="75f50ec6-a1b6-4d7a-a71e-37d161e171b2" message="JSON Array found" level="INFO" category="com.cisco.${mule.env}" doc:name="JSON Array" />
                <ee:transform migration:migrationId="3d10db95-dc7c-4e78-af90-19caf88f0e62" doc:name="JSON to Map Array">
                    <ee:message>
                        <ee:set-payload><![CDATA[%dw 2.0 
output application/java 
--- 
payload]]></ee:set-payload>
                    </ee:message>
                </ee:transform>
            </when>
            <otherwise migration:migrationId="8da368c2-b9d2-4323-94c7-c7bf2eb926c0">
                <logger migration:migrationId="cfbde147-873a-4532-95c8-01ee79b91a7d" message="No JSON payload, returning null" level="INFO" category="com.cisco.${mule.env}" doc:name="Unknown Json" />
                <set-payload migration:migrationId="4065c763-9183-4241-a6cb-8bb0cc1aead8" value="#[payload]" doc:name="Set Payload" />
            </otherwise>
        </choice>
    </sub-flow>

    <sub-flow migration:migrationId="2f7d9d6d-da17-4596-b30b-2068eab8d2f2" name="PegaCreateCaseWithAttachment">
        <flow-ref migration:migrationId="0082005e-aee6-4b88-9cfe-dc0257ab828f" name="pega-connector" doc:name="pega-connector" />
        <logger migration:migrationId="76daab06-f2f4-4ba2-9fe3-33739085eec3" message="Case Creation in Pega" level="INFO" doc:name="Case Creation Pega" />
        <logger migration:migrationId="bf9e2ef4-4887-45ef-ab37-1df73a5f538e" message="CreateAttach Pega" level="INFO" doc:name="CreateAttach Pega" />
        <set-payload migration:migrationId="0fbf1795-37b1-4ef8-9882-b23c2e97f8f1" value="#[vars.intitialPayload]" doc:name="Set Inital Payload" />
        <set-attachment migration:migrationId="e6f2ccfd-f2a9-4b07-bd81-1ff29cea52f5" attachmentName="#['FileData']" value="#[flowVars.fileContent]" contentType="#[flowVars.fileContentType]" doc:name="Attachment for Filedata" />
        <set-attachment migration:migrationId="d218d894-c94b-4c10-a14a-0574300e91a2" attachmentName="#['CaseData']" value="#[flowVars.caseData1]" contentType="text/plain" doc:name="Attachment for Casedata" />
        <logger migration:migrationId="17da6fc2-445a-407e-93a7-0fc93d73c73b" message="#[&quot;CaseData to send  : $(vars.caseData1)&quot;]" level="INFO" doc:name="Logger" />
        <ee:transform migration:migrationId="996e3142-e90c-4be2-be39-c3f528cba1b1" doc:name="Transform Message">
            <ee:message>
                <ee:set-payload migration:migrationId="9b532767-b653-4539-b2c1-515eecb4f3f0"><![CDATA[%dw 2.0
output application/json  
---
null]]></ee:set-payload>
            </ee:message>
        </ee:transform>
        <http:request migration:migrationId="b109ac48-e5e4-4e66-8fd6-8bb0a61251e8" config-ref="HTTP_Request_Configuration_update" path="/CSXCreateCase/CSX/CreateCaseWithAttachment" method="POST" doc:name="Pega Create case with Attachment service call">
            <http:headers><![CDATA[#[{'Content-Type' : 'multipart/form-data' , 'Authorization' : "Bearer $(vars.pegaToken)"}]]]></http:headers>
        </http:request>
        <flow-ref migration:migrationId="e723238f-b4f0-49c9-8653-13617079ecd9" name="Convert-Stream-to-Map" doc:name="Convert-Stream-to-Map" />
        <flow-ref migration:migrationId="da18ee2e-e441-4750-8ed5-a22ee2cee0b2" name="Pega-Response-Transformation" doc:name="Pega-Response-Transformation" />
        <logger migration:migrationId="eac282cc-1c13-4210-809a-92418e7df53a" message="#[payload]" level="INFO" doc:name="Logger" />
    </sub-flow>

</mule>
