<?xml version="1.0" encoding="UTF-8"?>
<mule xmlns="http://www.mulesoft.org/schema/mule/core" xmlns:compatibility="http://www.mulesoft.org/schema/mule/compatibility" xmlns:doc="http://www.mulesoft.org/schema/mule/documentation" xmlns:ee="http://www.mulesoft.org/schema/mule/ee/core" xmlns:http="http://www.mulesoft.org/schema/mule/http" xmlns:json="http://www.mulesoft.org/schema/mule/json" xmlns:metadata="http://www.mulesoft.org/schema/mule/metadata" xmlns:migration="migration" xmlns:spring="http://www.springframework.org/schema/beans" xmlns:xsi="http://www.w3.org/2001/XMLSchema-instance" migration:migrationId="09a0f1fe-1b24-4b7e-b955-96ae14dac9c0" xsi:schemaLocation="http://www.springframework.org/schema/beans http://www.springframework.org/schema/beans/spring-beans-current.xsd http://www.mulesoft.org/schema/mule/json http://www.mulesoft.org/schema/mule/json/current/mule-json.xsd http://www.mulesoft.org/schema/mule/http http://www.mulesoft.org/schema/mule/http/current/mule-http.xsd   http://www.mulesoft.org/schema/mule/core http://www.mulesoft.org/schema/mule/core/current/mule.xsd http://www.mulesoft.org/schema/mule/ee/core http://www.mulesoft.org/schema/mule/ee/core/current/mule-ee.xsd http://www.mulesoft.org/schema/mule/compatibility http://www.mulesoft.org/schema/mule/compatibility/current/mule-compatibility.xsd">

    <http:request-config migration:migrationId="91703f59-d067-4b7c-988c-83bb8cd609ad" name="HTTP_Request_Configuration_SFDVv2_Token_Generator" basePath="${sfdc_v2_token.path}" responseTimeout="60000" doc:name="HTTP Request Configuration">
        <http:request-connection protocol="HTTPS" host="${sfdc_v2_token.host}" port="${sfdc_v2_token.port}" />
    </http:request-config>

    <sub-flow migration:migrationId="bb8888dc-c1d7-4adc-bbbb-c877d1f23937" name="InitialSetupForAttachment">
        <set-variable migration:migrationId="49d9262e-20fc-482e-9f47-f7ec0324864f" variableName="attachmentMessage" value="#[payload.parts]" doc:name="Attachment Message">
            <!--Migration ERROR: Replace expressions that use 'inboundAttachments' with DataWeave selectors for handling multipart formats.-->
            <!--    For more information refer to:-->
            <!--        * https://github.com/mulesoft/mule-migration-assistant/blob/master/docs/user-docs/migration-tool-post-mig.adoc#inbound_attachments-->
        </set-variable>
        <set-variable migration:migrationId="7077c6c6-16f1-4666-b178-8ea899f773c3" variableName="casenumber" value="#[attributes.uriParams.casenumber]" doc:name="Case Number" />
        <set-variable migration:migrationId="d311a5aa-3940-490b-894c-73ffffb31120" variableName="attachmentPath" value="#[&quot;/CaseAttach/$(vars.casenumber)&quot;]" doc:name="Add path " />
    </sub-flow>

    <sub-flow migration:migrationId="1decd12c-1f70-4450-9504-1b155258e472" name="sfdc_v2_request_flowsSub_Flow">
        <http:request migration:migrationId="fb68e2ae-3e62-4ed4-9218-192dd3ddd147" config-ref="HTTP_Request_Configuration_SFDC_v2" path="/createcase/serviceid" method="POST" doc:name="SFDC Create Case By Service Id  call">
        </http:request>
    </sub-flow>

    <sub-flow migration:migrationId="dc57fbc5-272b-4bb4-94c9-4475b690231b" name="sfdc_v2_request_flows_salesforce_token_generator">
        <logger migration:migrationId="87f5b3fb-b46a-4b5f-9e35-7164718133a2" message="Requesting token to Sales force " level="INFO" doc:name="Logger" />
        <ee:transform migration:migrationId="d7533a06-6425-46e3-8789-3d926edba730" doc:name="Transform Message">
            <ee:message>
                <ee:set-payload migration:migrationId="621d4c5a-b0ef-452e-bfe1-a1c41a44cf70"><![CDATA[%dw 2.0
output application/java  
---
{
  grant_type: "password",
  client_id: "$(sfdc_v2.clientid)",
  client_secret: "$(sfdc_v2.clientsecret)",
  username: "$(sfdc_v2.username)",
  password: "$(sfdc_v2.password)"
}]]></ee:set-payload>
            </ee:message>
        </ee:transform>
		<logger migration:migrationId="172a046b-fd4a-42ae-8769-0f4742398684" message="#[&quot;payload : $(payload)&quot;]" level="INFO" doc:name="Logger" />
        <http:request migration:migrationId="98035e3b-bf11-4b26-a86f-ccec4a1c25d2" config-ref="HTTP_Request_Configuration_SFDVv2_Token_Generator" path="/token" method="POST" doc:name="HTTP to Sales Force token oauth ">
            <http:headers><![CDATA[#[{'Content-Type' : 'application/x-www-form-urlencoded'}]]]></http:headers>
        </http:request>
        <logger migration:migrationId="5498807a-bf01-4dee-9be6-b2751de8ceb3" message="Finish getting sales force token " level="INFO" doc:name="Logger" />
        <ee:transform migration:migrationId="4226795a-a401-45f3-9fde-29abd5e73de9" doc:name="JSON to Object">
            <ee:message>
                <ee:set-payload><![CDATA[%dw 2.0 
output application/java 
--- 
payload]]></ee:set-payload>
            </ee:message>
        </ee:transform>
        <logger migration:migrationId="349fd93b-e838-4e80-8288-0d02c61171da" message="Setting access token to session variable " level="INFO" doc:name="Logger" />
        <set-variable value="#[payload.access_token]" doc:name="Set Variable" doc:id="d4a959e2-4b48-437e-bd5a-6f098888afc3" variableName="salesForceToken"/>
		<logger migration:migrationId="6a69946c-9a82-4654-b6ee-6af3d9a21b27" message='#["Session Id=$(vars.salesForceToken)"]' level="INFO" doc:name="Logger" />
    </sub-flow>

    <sub-flow migration:migrationId="f440be8f-539c-4a47-ac2e-52dbb9c828e4" name="sfdc_v2_request_createcase_by_service_id_endpoint">
        <logger migration:migrationId="88ec108b-098b-4ed8-8dd3-29651ed5cb93" message="Case Creation at uCRM" level="INFO" doc:name="Case Creation at uCRM" />
        <set-payload migration:migrationId="7a7f2ef2-b16c-41cb-8da5-2f67a6c8f240" value="#[vars.inputPayload]" doc:name="Set Payload" />
        <ee:transform migration:migrationId="6a067828-5028-4192-a982-20639a30308c" doc:name="Transform Message">
            <ee:message>
                <ee:set-payload migration:migrationId="c3fd60ba-fd4f-4844-a3ba-849f2e5a751e"><![CDATA[%dw 2.0
output application/json  
---
payload]]></ee:set-payload>
            </ee:message>
        </ee:transform>
        <logger migration:migrationId="49512a0b-c45d-44a9-bf90-ffc76b2ca957" message="#[&quot;Random : $(payload)&quot;]" level="INFO" doc:name="Logger" />
        <flow-ref migration:migrationId="49cfbd21-1371-41cc-a451-e2dc4e7a5ad8" name="sfdc_v2_request_flowsSub_CaseCreationRequest" doc:name="Create Case Request" />
        <set-payload migration:migrationId="a73577d6-918f-458e-aedb-94a21b75f27c" value="#[vars.sfdcResponse]" doc:name="Set Payload" />
        <ee:transform migration:migrationId="9652074f-c965-4f95-86c4-69454d729381" doc:name="Transform Message">
            <ee:message>
                <ee:set-payload migration:migrationId="fc0c57a3-8279-4550-8545-54128f855dca"><![CDATA[%dw 2.0
output application/json  
---
payload ++ {
  PEGA_REQUEST_ID: "Not applicable",
  STATUS: "SUBMITTED",
  SOURCE_REQUEST_ID: "Not applicable"
}]]></ee:set-payload>
            </ee:message>
        </ee:transform>
    </sub-flow>

    <sub-flow migration:migrationId="f31cfdc6-7662-4ca5-a773-518727e7f9d3" name="sfdc_v2_request_createcase_by_service_category_nam_and_offering">
        <logger migration:migrationId="5df18d64-929f-401b-8b82-4f007cd8b9c5" message="Case Creation at uCRM" level="INFO" doc:name="Case Creation at uCRM" />
        <set-payload migration:migrationId="88ec5365-8f80-4272-9a27-6ec144b0f38d" value="#[vars.inputPayload]" doc:name="Set Payload" />
        <ee:transform migration:migrationId="3435ba76-3dbe-4067-b996-5297392e4362" doc:name="Transform Message">
            <ee:message>
                <ee:set-payload migration:migrationId="f8552d0d-2634-4bcf-ab25-21ff0e14dbfc"><![CDATA[%dw 2.0
output application/json  
---
payload]]></ee:set-payload>
            </ee:message>
        </ee:transform>
        <logger migration:migrationId="1030d4a8-ca96-4304-86fd-6f0577d77001" message="#[&quot;Random : $(payload)&quot;]" level="INFO" doc:name="Logger" />
        <flow-ref migration:migrationId="9dca35ff-9676-491a-8a55-ac36e19e5bf0" name="sfdc_v2_request_flowsSub_CaseCreationRequest" doc:name="Create Case Request" />
        <set-payload migration:migrationId="4e1fbcc1-4efb-4700-8db9-523669c5c7e1" value="#[vars.sfdcResponse]" doc:name="Set Payload" />
        <ee:transform migration:migrationId="b08e2e35-8261-484e-b800-2735afba28e5" doc:name="Transform Message">
            <ee:message>
                <ee:set-payload migration:migrationId="fb1cf214-38b2-4877-871f-f43d1e838fb9"><![CDATA[%dw 2.0
output application/json  
---
payload ++ {
  PEGA_REQUEST_ID: "Not applicable",
  STATUS: "SUBMITTED",
  SOURCE_REQUEST_ID: "Not applicable"
}]]></ee:set-payload>
            </ee:message>
        </ee:transform>
    </sub-flow>

    <sub-flow migration:migrationId="4ad6f133-bd0a-4a95-a3c6-954a91d9d9b1" name="sfdc_v2_request_creatcase_by_note">
        <logger migration:migrationId="f6e8e387-06ff-439d-9e82-bf35def88002" message="Case Creation at uCRM" level="INFO" doc:name="Case Creation at uCRM" />
        <set-payload migration:migrationId="ff84362d-5eb4-4905-97f9-6efa81c1bc2f" value="#[vars.inputPayload]" doc:name="Set Payload" />
        <ee:transform migration:migrationId="a1c833dc-c2c9-4791-87a8-a94258029a95" doc:name="Transform Message">
            <ee:message>
                <ee:set-payload migration:migrationId="a3572c7d-c2b5-4a0b-9a84-c3f3abaada80"><![CDATA[%dw 2.0
output application/json  
---
payload]]></ee:set-payload>
            </ee:message>
        </ee:transform>
        <logger migration:migrationId="0d2d37dd-d103-4887-ab76-62baf1b29f19" message="#[&quot;Random : $(payload)&quot;]" level="INFO" doc:name="Logger" />
        <flow-ref migration:migrationId="f80f4fb7-cee8-431f-b4d2-f0f407eb49e5" name="sfdc_v2_request_flowsSub_CaseCreationRequest" doc:name="Create Case Request" />
        <set-payload migration:migrationId="1b0d09d5-1998-47b8-a909-f088802262f7" value="#[vars.sfdcResponse]" doc:name="Set Payload" />
        <ee:transform migration:migrationId="0902062c-edf4-4c0c-88b4-a2893882d472" doc:name="Transform Message">
            <ee:message>
                <ee:set-payload migration:migrationId="0a1c09fb-deac-4dfb-8aad-81fbf3284939"><![CDATA[%dw 2.0
output application/json  
---
payload ++ {
  PEGA_REQUEST_ID: "Not applicable",
  STATUS: "SUBMITTED",
  SOURCE_REQUEST_ID: "Not applicable"
}]]></ee:set-payload>
            </ee:message>
        </ee:transform>
    </sub-flow>

    <sub-flow migration:migrationId="3c1ca0e0-95a3-4a39-b928-8cae1af960c2" name="sfdc_v2_request_createcase_by_service_catalog_name">
        <logger migration:migrationId="29d6a6e0-af65-40eb-b309-0610978b6fa4" message="Case Creation at uCRM" level="INFO" doc:name="Case Creation at uCRM" />
        <set-payload migration:migrationId="df1854fd-1dcb-4552-9371-99bc2c139ce3" value="#[vars.inputPayload]" doc:name="Set Payload" />
        <ee:transform migration:migrationId="c02014bc-72c0-4965-a79a-237c67f42c34" doc:name="Transform Message">
            <ee:message>
                <ee:set-payload migration:migrationId="616b9464-16f9-4a2a-a358-5da29494e82c"><![CDATA[%dw 2.0
output application/json  
---
payload]]></ee:set-payload>
            </ee:message>
        </ee:transform>
        <logger migration:migrationId="c995adfd-177b-435f-83db-0905829695df" message="#[&quot;Random : $(payload)&quot;]" level="INFO" doc:name="Logger" />
        <flow-ref migration:migrationId="4dc07856-5b53-4584-a36a-181d7a161433" name="sfdc_v2_request_flowsSub_CaseCreationRequest" doc:name="Create Case Request" />
        <logger migration:migrationId="61dca6bc-9c37-4733-9975-772a9c5c08b0" message="Request made successfully " level="INFO" doc:name="Logger" />
        <set-payload migration:migrationId="63a3c985-a7fc-43b4-b53b-a2817addffc4" value="#[vars.sfdcResponse]" doc:name="Set Payload" />
    </sub-flow>

    <sub-flow migration:migrationId="c7f8a5cb-5326-4ec0-aea0-ab25af6d809b" name="sfdc_v2_request_flowsSub_CaseCreationRequest">
        <set-variable migration:migrationId="e31c66de-398e-45b6-9b3e-7f42b0b68cdb" variableName="sfdcResponse" value="test" doc:name="Variable" />
        <flow-ref migration:migrationId="a081e28c-e19b-4477-9b63-49e1cb664a7d" name="sfdc_v2_request_flows_salesforce_token_generator" doc:name="Get Sales force token" />
        <set-payload migration:migrationId="64880374-2479-4cfa-bd9d-078899ae3bd2" value="#[vars.inputPayload]" doc:name="Set Payload" />
        <ee:transform migration:migrationId="a9dc7163-f3dd-43ff-8810-eae7be3cc7fc" doc:name="Transform Message">
            <ee:message>
                <ee:set-payload migration:migrationId="163fcb4f-42b6-4031-b803-1eaa08bcdd64"><![CDATA[%dw 2.0
output application/json  
---
payload]]></ee:set-payload>
            </ee:message>
        </ee:transform>
        <logger migration:migrationId="9470742b-82ce-4c15-96b3-6b974f11e6b3" message="#[&quot;Payload to be send  $(payload) , sales force token : $(sessionVars.salesForceToken)&quot;]" level="INFO" doc:name="Logger" />
        <http:request migration:migrationId="627a892e-e83e-476e-8bef-399a3fcb2370" config-ref="HTTP_Request_Configuration_SFDC_v2" path="/CreateCase" method="POST" doc:name="Http Case Creation" target="vars.sfdcResponse">
            <!--Migration WARN: Set this value as a variable instead of setting an outbound property.-->
            <!--    For more information refer to:-->
            <!--        * https://github.com/mulesoft/mule-migration-assistant/blob/master/docs/user-docs/migration-tool-post-mig.adoc#outbound_properties-->
            <http:headers><![CDATA[#[{'Authorization' : "Bearer $(vars.salesForceToken)" , 'Content-Type' : 'application/json'}]]]></http:headers>
        </http:request>
        <compatibility:set-property propertyName="vars.sfdcResponse" value="#[vars.vars.sfdcResponse]" />
    </sub-flow>

    <sub-flow migration:migrationId="24f5af8d-063d-4212-bb63-5ddb30bc6797" name="Initial_Common_Setup_For_Request_CreateCase">
        <flow-ref migration:migrationId="dbc786a3-3c88-49a1-9ddd-6439363c7bd2" name="Convert-Stream-to-Map" doc:name="Convert Stream to Map " />
		<ee:transform doc:name="Transform Message" doc:id="0829c3ee-495f-42de-85d7-19ac1987cd5b" >
			<ee:message >
			</ee:message>
			<ee:variables >
				<ee:set-variable variableName="searchccoid" ><![CDATA[payload.SearchCCOID]]></ee:set-variable>
				<ee:set-variable variableName="origin" ><![CDATA[payload.Origin]]></ee:set-variable>
				<ee:set-variable variableName="subject" ><![CDATA[payload.Subject]]></ee:set-variable>
				<ee:set-variable variableName="description" ><![CDATA[payload.Description]]></ee:set-variable>
				<ee:set-variable variableName="priority" ><![CDATA[payload.Priority]]></ee:set-variable>
				<ee:set-variable variableName="sourceSystem" ><![CDATA[payload.SourceSystem]]></ee:set-variable>
				<ee:set-variable variableName="serviceName" ><![CDATA[payload.ServiceName]]></ee:set-variable>
				<ee:set-variable variableName="serviceOffering" ><![CDATA[payload.ServiceOffering]]></ee:set-variable>
				<ee:set-variable variableName="serviceCategory" ><![CDATA[payload.ServiceCategory]]></ee:set-variable>
				<ee:set-variable variableName="caseNote" ><![CDATA[payload.CaseNote]]></ee:set-variable>
				<ee:set-variable variableName="serviceId" ><![CDATA[payload.ServiceId]]></ee:set-variable>
				<ee:set-variable variableName="serviceCatalogName" ><![CDATA[payload.ServiceCatalogName]]></ee:set-variable>
				<ee:set-variable variableName="inputPayload" ><![CDATA[payload]]></ee:set-variable>
				<ee:set-variable variableName="federal" ><![CDATA[payload.IsItForFederal]]></ee:set-variable>
				<ee:set-variable variableName="dynamicfieldlist" ><![CDATA[payload.DynamicFieldList]]></ee:set-variable>
				<ee:set-variable variableName="pegaRequestId" ><![CDATA[payload.PEGA_REQUEST_ID]]></ee:set-variable>
				<ee:set-variable variableName="caseChannel" ><![CDATA[payload.CASE_CHANNEL]]></ee:set-variable>
				<ee:set-variable variableName="requesterId" ><![CDATA[payload.REQUESTER_ID]]></ee:set-variable>
				<ee:set-variable variableName="requestType" ><![CDATA[payload.REQUEST_TYPE]]></ee:set-variable>
			</ee:variables>
		</ee:transform>
    </sub-flow>

    <sub-flow migration:migrationId="be839ff0-9f47-4594-b38f-14c48086c17d" name="sfdc_v2_request_flowsSub_ReadCaseAttachmentMetaData">
        <set-variable migration:migrationId="793c56c8-0e05-42cf-8a41-75660e556e32" variableName="caseData" value="#[flowVars.inboundMessage['casedata']dataSource.content]" doc:name="Variable">
            <!--Migration WARN: The MEL expression could not be migrated to a DataWeave expression.-->
            <!--    For more information refer to:-->
            <!--        * https://docs.mulesoft.com/mule-runtime/4.3/migration-mel-->
            <!--        * https://github.com/mulesoft/mule-migration-assistant/blob/master/docs/user-docs/migration-tool-post-mig.adoc#mel_expressions-->
            <!--        * https://blogs.mulesoft.com/dev/mule-dev/why-dataweave-main-expression-language-mule-4-->
        </set-variable>
        <set-payload migration:migrationId="8defea67-da57-427e-a771-ee8547dcff76" value="#[vars.caseData]" mimeType="application/json" doc:name="Set Payload to convert case data value" />
        <ee:transform migration:migrationId="32409033-86a5-407c-a017-824b0e8b3180" doc:name="Transform Message">
            <ee:message>
                <ee:set-payload migration:migrationId="6b728359-bba5-46de-ad0f-0938ed295f7e"><![CDATA[%dw 2.0
output application/json  
---
payload]]></ee:set-payload>
            </ee:message>
        </ee:transform>
        <set-payload migration:migrationId="8be273c4-5113-4e47-9c65-be70cbaf8b3d" value="#[write(payload) as String]" doc:name="Convert case data to String" />
        <ee:transform migration:migrationId="1de4d89e-266e-4a41-8985-256724c6413c" doc:name="Transform Message">
            <ee:message>
                <ee:set-payload migration:migrationId="7786ef6f-534a-4d3c-9c2a-d976ed378970"><![CDATA[%dw 2.0
output application/java  
---
read(payload, "application/json")]]></ee:set-payload>
            </ee:message>
        </ee:transform>
        <set-variable migration:migrationId="b8c1564a-aa05-4111-8b35-c89213d7137b" variableName="caseDataAttribute" value="#[payload]" doc:name="Variable" />
        <logger migration:migrationId="258c40b2-e1b9-484f-bd30-f2e60909d96d" message="#[&quot;variables to be included in payload : $(vars.fileBase64String)   , $(vars.caseDataAttribute)&quot;]" level="INFO" doc:name="Logger" />
    </sub-flow>

    <sub-flow migration:migrationId="936ce6af-fb27-4754-a079-8337e8b12062" name="sfdc_v2_request_flows_ReadFileAttachmentData">
        <set-variable migration:migrationId="cee2b903-1866-4b7b-bb53-8a1af6217392" variableName="inboundMessage" value="#[vars.attachmentMessage]" doc:name="Variable" />
        <set-payload migration:migrationId="68b17972-520a-41ac-8918-ea1a34639e3c" value="#[java.util.Base64.getEncoder().encode(flowVars.inboundMessage['filedata']dataSource.content)]" doc:name="Set Payload for file content">
            <!--Migration WARN: The MEL expression could not be migrated to a DataWeave expression.-->
            <!--    For more information refer to:-->
            <!--        * https://docs.mulesoft.com/mule-runtime/4.3/migration-mel-->
            <!--        * https://github.com/mulesoft/mule-migration-assistant/blob/master/docs/user-docs/migration-tool-post-mig.adoc#mel_expressions-->
            <!--        * https://blogs.mulesoft.com/dev/mule-dev/why-dataweave-main-expression-language-mule-4-->
        </set-payload>
        <set-variable migration:migrationId="cc0f1cc4-215e-4416-a3d5-c26dba360c4e" variableName="fileBase64String" value="#[payload]" doc:name="Variable" />
        <logger migration:migrationId="97cf1a1d-e7bf-41ab-aec2-a40c18594d91" message="#[&quot;After base 64 encoding :  $(vars.fileBase64String)&quot;]" level="INFO" doc:name="Logger" />
    </sub-flow>

    <sub-flow migration:migrationId="122c4076-1c5b-4fd0-8608-50ae5a48a48c" name="sfdc_v2_request_flows_UpdateAttachment">
        <set-variable migration:migrationId="5fb8ba8e-a9cf-4630-a462-389f81e48f28" variableName="attachmentPath" value="#[&quot;/CaseAttach/$(vars.casenumber)&quot;]" doc:name="Variable" />
        <logger migration:migrationId="6dca6074-a1ab-4698-95d7-0d4e3969a076" message="#[&quot; path : $(vars.attachmentPath)&quot;]" level="INFO" doc:name="Logger" />
        <logger migration:migrationId="0df739f2-c1d9-4f27-a18f-06274c5557fb" message='#["Payload to be send  $(payload) , sales force token : $(vars.salesForceToken)"]' level="INFO" doc:name="Logger" />
        <http:request migration:migrationId="e61b3ce2-3b56-4641-b327-b8e51da62dd7" config-ref="HTTP_Request_Configuration_SFDC_v2" path="#[vars.attachmentPath]" method="POST" doc:name="SFDC Update Attachment">
            <http:headers><![CDATA[#[{'Authorization ' : "Bearer $(vars.salesForceToken)" , 'Accept' : '*/*' , 'accept-encoding' : 'gzip, deflate' , 'Content-Type' : 'text/plain' , 'cache-control' : 'no-cache'}]]]></http:headers>
            <http:response-validator>
                <http:success-status-code-validator migration:migrationId="bcbc3dcf-23e5-42bf-8fd0-e8639a0e4151" values="0..599" />
            </http:response-validator>
        </http:request>
    </sub-flow>

    <sub-flow migration:migrationId="31019b39-90bd-410b-8e20-1df69162a699" name="sfdc_v2_request_flows_UpdateCase">
        <flow-ref migration:migrationId="900b1824-c29c-4d4d-af08-9c50dd78e612" name="sfdc_v2_request_flows_salesforce_token_generator" doc:name="Get Sales Force Token " />
        <set-variable migration:migrationId="8d08ec85-2321-453e-9d21-b26d30c2b79f" variableName="updatePath" value="#[&quot;/caseupdate/$(vars.casenumber)&quot;]" doc:name="Set Path " />
        <set-variable migration:migrationId="889da1d7-8c3b-4c4c-94b7-0328887f90df" variableName="sfdcResponse" value="test" doc:name="Variable" />
        <logger migration:migrationId="114651f3-add3-41d7-8983-c7d570490996" message="#[&quot;path  $(vars.updatePath)&quot;]" level="INFO" doc:name="Logger" />
        <set-payload migration:migrationId="0cfa6d31-0b60-4c3d-9599-c1c7aa320988" value="#[vars.inputPayload]" doc:name="Set Payload" />
        <logger migration:migrationId="f015cbca-4ba9-4f2d-9ec8-8b73e9381159" message='#["Payload to be send  $(payload) , sales force token : $(vars.salesForceToken)"]' level="INFO" doc:name="Logger" />
        <http:request migration:migrationId="1ac293ee-c08c-49f8-9ff0-afa0b6a1f1ea" config-ref="HTTP_Request_Configuration_SFDC_v2" path="#[vars.updatePath]" method="POST" doc:name="SFDC Update Case" target="vars.sfdcResponse">
            <!--Migration WARN: Set this value as a variable instead of setting an outbound property.-->
            <!--    For more information refer to:-->
            <!--        * https://github.com/mulesoft/mule-migration-assistant/blob/master/docs/user-docs/migration-tool-post-mig.adoc#outbound_properties-->
            <http:headers><![CDATA[#[{'Content-Type' : 'application/json' , 'Authorization' : "Bearer $(vars.salesForceToken)"}]]]></http:headers>
        </http:request>
        <compatibility:set-property propertyName="vars.sfdcResponse" value="#[vars.vars.sfdcResponse]" />
    </sub-flow>

</mule>
