<?xml version="1.0" encoding="UTF-8"?>
<mule xmlns:doc="http://www.mulesoft.org/schema/mule/documentation" xmlns="http://www.mulesoft.org/schema/mule/core" xmlns:apikit="http://www.mulesoft.org/schema/mule/mule-apikit" xmlns:ee="http://www.mulesoft.org/schema/mule/ee/core" xmlns:http="http://www.mulesoft.org/schema/mule/http" xmlns:xsi="http://www.w3.org/2001/XMLSchema-instance" xsi:schemaLocation="http://www.mulesoft.org/schema/mule/core http://www.mulesoft.org/schema/mule/core/current/mule.xsd http://www.mulesoft.org/schema/mule/http http://www.mulesoft.org/schema/mule/http/current/mule-http.xsd http://www.mulesoft.org/schema/mule/mule-apikit http://www.mulesoft.org/schema/mule/mule-apikit/current/mule-apikit.xsd http://www.mulesoft.org/schema/mule/ee/core http://www.mulesoft.org/schema/mule/ee/core/current/mule-ee.xsd ">
    <http:listener-config name="sfdc-caseapi-httpListenerConfig">
        <http:listener-connection host="0.0.0.0" port="8081" />
    </http:listener-config>
    <apikit:config name="sfdc-caseapi-config" api="sfdc-caseapi.raml" outboundHeadersMapName="outboundHeaders" httpStatusVarName="httpStatus" />
    <http:request-config name="Salesforce_Instance_Config" doc:name="HTTP Request configuration" doc:id="cab01b1a-aef7-4e2a-9159-b2d83ae3724e" >
		<http:request-connection host="${sfdc.host}" port="${sfdc.port}"/>
	</http:request-config>
	<flow name="sfdc-caseapi-main">
        <http:listener config-ref="sfdc-caseapi-httpListenerConfig" path="/api/*">
            <http:response statusCode="#[vars.httpStatus default 200]">
                <http:headers>#[vars.outboundHeaders default {}]</http:headers>
            </http:response>
            <http:error-response statusCode="#[vars.httpStatus default 500]">
                <http:body>#[payload]</http:body>
                <http:headers>#[vars.outboundHeaders default {}]</http:headers>
            </http:error-response>
        </http:listener>
        <apikit:router config-ref="sfdc-caseapi-config" />
        <error-handler>
            <on-error-propagate type="APIKIT:BAD_REQUEST">
                <ee:transform>
                    <ee:message>
                        <ee:set-payload><![CDATA[%dw 2.0
output application/json
---
{message: "Bad request"}]]></ee:set-payload>
                    </ee:message>
                    <ee:variables>
                        <ee:set-variable variableName="httpStatus">400</ee:set-variable>
                    </ee:variables>
                </ee:transform>
            </on-error-propagate>
            <on-error-propagate type="APIKIT:NOT_FOUND">
                <ee:transform>
                    <ee:message>
                        <ee:set-payload><![CDATA[%dw 2.0
output application/json
---
{message: "Resource not found"}]]></ee:set-payload>
                    </ee:message>
                    <ee:variables>
                        <ee:set-variable variableName="httpStatus">404</ee:set-variable>
                    </ee:variables>
                </ee:transform>
            </on-error-propagate>
            <on-error-propagate type="APIKIT:METHOD_NOT_ALLOWED">
                <ee:transform>
                    <ee:message>
                        <ee:set-payload><![CDATA[%dw 2.0
output application/json
---
{message: "Method not allowed"}]]></ee:set-payload>
                    </ee:message>
                    <ee:variables>
                        <ee:set-variable variableName="httpStatus">405</ee:set-variable>
                    </ee:variables>
                </ee:transform>
            </on-error-propagate>
            <on-error-propagate type="APIKIT:NOT_ACCEPTABLE">
                <ee:transform>
                    <ee:message>
                        <ee:set-payload><![CDATA[%dw 2.0
output application/json
---
{message: "Not acceptable"}]]></ee:set-payload>
                    </ee:message>
                    <ee:variables>
                        <ee:set-variable variableName="httpStatus">406</ee:set-variable>
                    </ee:variables>
                </ee:transform>
            </on-error-propagate>
            <on-error-propagate type="APIKIT:UNSUPPORTED_MEDIA_TYPE">
                <ee:transform>
                    <ee:message>
                        <ee:set-payload><![CDATA[%dw 2.0
output application/json
---
{message: "Unsupported media type"}]]></ee:set-payload>
                    </ee:message>
                    <ee:variables>
                        <ee:set-variable variableName="httpStatus">415</ee:set-variable>
                    </ee:variables>
                </ee:transform>
            </on-error-propagate>
            <on-error-propagate type="APIKIT:NOT_IMPLEMENTED">
                <ee:transform>
                    <ee:message>
                        <ee:set-payload><![CDATA[%dw 2.0
output application/json
---
{message: "Not Implemented"}]]></ee:set-payload>
                    </ee:message>
                    <ee:variables>
                        <ee:set-variable variableName="httpStatus">501</ee:set-variable>
                    </ee:variables>
                </ee:transform>
            </on-error-propagate>
        </error-handler>
    </flow>
    <sub-flow name="sfdc-connector" doc:id="e64fc98c-bb49-461b-bb0e-6433a8547d65" >
		
	<logger level="INFO" doc:name="Logger" doc:id="e5cc0100-3608-4359-bdf8-226996cb8ac9" message='#["Input Payload for Sfdc Connector $(payload) Path=${sfdc.oauthpath} Login URL=${sfdc.loginurl}  SFDC Port=${sfdc.port}"]'/>
	<http:request doc:id="85610f1f-cc3c-482b-9ab3-e6974d8b4dec" config-ref="Salesforce_Instance_Config" path="${sfdc.oauthpath}" method="POST" doc:name="HTTP">
            <http:headers><![CDATA[#[{'Content-Type' : 'application/json'}]]]></http:headers>
            <http:query-params><![CDATA[#[{'username' : '$(sfdc.username)' , 'password' : '$(sfdc.password)' , 'client_id' : '$(sfdc.clientid)' , 'client_secret' : '$(sfdc.clientsecret)' , 'grant_type' : '$(sfdc.granttype)'}]]]></http:query-params>
        </http:request>
		<logger level="INFO" doc:name="Logger" doc:id="5352d177-186b-4294-baf4-e5c03e76fd47" message='#["After Generating Salesforce Token $(payload)"]'/>
		<ee:transform doc:name="Json to Object" doc:id="e8535c9a-baae-4f91-ab48-bfabb9c0a9e2" >
			<ee:message >
				<ee:set-payload ><![CDATA[%dw 2.0 
output application/java
---
payload]]></ee:set-payload>
			</ee:message>
		</ee:transform>
		<set-variable value="#[payload.access_token]" doc:name="Set Variable" doc:id="699411e4-8095-4673-9cc5-012b556416dd" variableName="sfdcToken"/>
		<logger level="INFO" doc:name="Logger" doc:id="77c423bb-3de2-4376-a3c9-5c407d2d047d" message='#["Session Id=$(sessionVars.sfdcToken)"]'/>
	</sub-flow>
	<flow name="sfdc-caseapi-console">
        <http:listener config-ref="sfdc-caseapi-httpListenerConfig" path="/console/*">
            <http:response statusCode="#[vars.httpStatus default 200]">
                <http:headers>#[vars.outboundHeaders default {}]</http:headers>
            </http:response>
            <http:error-response statusCode="#[vars.httpStatus default 500]">
                <http:body>#[payload]</http:body>
                <http:headers>#[vars.outboundHeaders default {}]</http:headers>
            </http:error-response>
        </http:listener>
        <apikit:console config-ref="sfdc-caseapi-config" />
        <error-handler>
            <on-error-propagate type="APIKIT:NOT_FOUND">
                <ee:transform>
                    <ee:message>
                        <ee:set-payload><![CDATA[%dw 2.0
output application/json
---
{message: "Resource not found"}]]></ee:set-payload>
                    </ee:message>
                    <ee:variables>
                        <ee:set-variable variableName="httpStatus">404</ee:set-variable>
                    </ee:variables>
                </ee:transform>
            </on-error-propagate>
        </error-handler>
    </flow>
	<flow name="options:\updateCaseStatus:sfdc-caseapi-config">
        <logger level="INFO" message="options:\updateCaseStatus:sfdc-caseapi-config" />
    </flow>
	<flow name="options:\updateCase:sfdc-caseapi-config">
        <logger level="INFO" message="options:\updateCase:sfdc-caseapi-config" />
    </flow>
	<flow name="options:\createCaseAttachment:sfdc-caseapi-config">
        <logger level="INFO" message="options:\createCaseAttachment:sfdc-caseapi-config" />
    </flow>
	<flow name="options:\updateCaseAttachment:sfdc-caseapi-config">
        <logger level="INFO" message="options:\updateCaseAttachment:sfdc-caseapi-config" />
    </flow>
	<flow name="options:\createCase:sfdc-caseapi-config">
        <logger level="INFO" message="options:\createCase:sfdc-caseapi-config" />
    </flow>
	<flow name="options:\createcase\serviceId:sfdc-caseapi-config">
        <logger level="INFO" message="options:\createcase\serviceId:sfdc-caseapi-config" />
    </flow>
	<flow name="get:\pega\searchCase:sfdc-caseapi-config">
        <logger level="INFO" message="get:\pega\searchCase:sfdc-caseapi-config" />
    </flow>
	<flow name="post:\search:application\json:sfdc-caseapi-config">
		<ee:transform doc:name="Transform Message" doc:id="ee7ca773-69a3-4f8c-8264-1b114f0d52eb" >
			<ee:message >
				<ee:set-payload ><![CDATA[%dw 2.0
output application/json
---
payload]]></ee:set-payload>
			</ee:message>
		</ee:transform>
		<set-variable value="#[payload]" doc:name="Set Variable" doc:id="3462d154-9f09-4e30-80f7-acad4988cece" variableName="inputPayLoad"/>
		<logger level="INFO" doc:name="Logger" doc:id="9d46efda-df32-4a2e-b0c6-8a0ae6854236" message='#["Input Payload=$(vars.inputPayLoad)"]'/>
		<flow-ref doc:name="sfdc-connector" doc:id="7a17f02a-dee3-4e83-b7b1-0dc53b1cf754" name="sfdc-connector"/>
		<set-payload value="#[vars.inputPayLoad]" doc:name="Set Payload" doc:id="b9bef59c-a580-4919-ad30-25590eedae5b" />
		<logger level="INFO" doc:name="Logger" doc:id="d5d7d092-02d3-4286-86d2-c813d5302470" message='#["Rest Url = ${sfdc.caserestpath}/search+\n+Input Payload $(vars.inputPayLoad)"]'/>
		 <http:request doc:id="00e642c3-e58a-4f34-84b8-43cea6addaf1" config-ref="Salesforce_Instance_Config" path="${sfdc.caserestpath}/search" method="POST" doc:name="HTTP">
            <http:headers><![CDATA[#[{'Authorization' : "Bearer $(vars.sfdcToken)" , 'Content-Type' : 'application/json'}]]]></http:headers>
        </http:request>	<ee:transform doc:name="Json to Object" doc:id="1ad99319-ca7a-4620-8f8c-c255be7f0eee">
			<ee:message>
				<ee:set-payload><![CDATA[%dw 2.0
output application/java
---
payload]]></ee:set-payload>
			</ee:message>
		</ee:transform>
    </flow>
    <flow name="post:\createCase:application\json:sfdc-caseapi-config">
        <logger level="INFO" message="post:\createCase:application\json:sfdc-caseapi-config" />
    </flow>
	<flow name="post:\getMenuLabel:application\json:sfdc-caseapi-config">
		<ee:transform doc:name="Transform Message" doc:id="366bac64-c1f7-4263-a4d8-f8584077806c" >
			<ee:message >
				<ee:set-payload ><![CDATA[%dw 2.0
output application/java
---
payload]]></ee:set-payload>
			</ee:message>
		</ee:transform>
		<set-variable value="#[payload]" doc:name="Set Variable" doc:id="f174e4cb-7275-46c2-8c4b-fc72a578895f" variableName="inputPayLoad"/>
		<logger level="INFO" doc:name="Logger" doc:id="23f21e03-65e4-411b-9579-45cd2e196ed6" message='#["Input Payload=$(vars.inputPayLoad)"]'/>
		<flow-ref doc:name="Flow Reference" doc:id="577b14f8-1aea-4171-a8ee-49fe4d6d1bb3" name="sfdc-connector"/>
		<set-payload value="#[vars.inputPayLoad]" doc:name="Set Payload" doc:id="d233a3f6-cdbf-4967-8800-c08d3a162597" />
		<logger level="INFO" doc:name="Logger" doc:id="50fa8b1c-fcab-4d31-95b9-863aac26a48e" message='#["Rest Url = ${sfdc.caserestpath}/getMenuLabel+\n+Input Payload $(vars.inputPayLoad)"]'/>
       <http:request doc:id="4c098db6-a2da-4e72-8d89-73ae91160bdc" config-ref="Salesforce_Instance_Config" path="${sfdc.caserestpath}/getMenuLabel" method="POST" doc:name="HTTP">
            <http:headers><![CDATA[#[{'Authorization' : "Bearer $(vars.sfdcToken)" , 'Content-Type' : 'application/json'}]]]></http:headers>
        </http:request>
		<ee:transform doc:name="Transform Message" doc:id="fd4470d4-6025-4e67-a20b-2f0169eebcf5" >
			<ee:message >
				<ee:set-payload ><![CDATA[%dw 2.0
output application/java
---
payload]]></ee:set-payload>
			</ee:message>
		</ee:transform>
    
    </flow>
    <flow name="post:\updateCase:application\json:sfdc-caseapi-config">
        <logger level="INFO" message="post:\updateCase:application\json:sfdc-caseapi-config" />
    </flow>
    <flow name="post:\pingsearch:application\json:sfdc-caseapi-config">
		<set-payload value="#[payload]" doc:name="Set Payload" doc:id="712e63e5-8e03-4102-b0cd-6196ee0acdd9" />
    </flow>
	<flow name="post:\getLOV:application\json:sfdc-caseapi-config">
		<ee:transform doc:name="Transform Message" doc:id="68c3384c-eae4-45c4-89a4-b36fba5b2fe7" >
			<ee:message >
				<ee:set-payload ><![CDATA[%dw 2.0
output application/java
---
payload]]></ee:set-payload>
			</ee:message>
		</ee:transform>
		<set-variable value="#[payload]" doc:name="Set Variable" doc:id="daacf447-7f7a-4919-b7c5-4108797448dd" variableName="inputPayLoad"/>
		<logger level="INFO" doc:name="Logger" doc:id="17762da7-728c-4d26-b635-d81470a93be5" message='#["Input Payload=$(vars.inputPayLoad)"]'/>
		<flow-ref doc:name="Flow Reference" doc:id="f49d3b91-52c6-4177-976f-57bb55be47ea" name="sfdc-connector"/>
		<set-payload value="#[vars.inputPayLoad]" doc:name="Set Payload" doc:id="1e7c3933-3633-44fa-bdf7-03ffad40211f" />
		<logger level="INFO" doc:name="Logger" doc:id="57335c1b-1afd-4c78-bba1-b1f5ff693bca" message='#["Rest Url = ${sfdc.caserestpath}/getLOV+\n+Input Payload $(vars.inputPayLoad)"]'/>
       <http:request doc:id="4e4d2e1d-bb87-48e0-91e1-c91550f8839f" config-ref="Salesforce_Instance_Config" path="${sfdc.caserestpath}/getLOV" method="POST" doc:name="HTTP">
            <http:headers><![CDATA[#[{'Authorization' : "Bearer $(vars.sfdcToken)" , 'Content-Type' : 'application/json'}]]]></http:headers>
        </http:request>
		<ee:transform doc:name="Transform Message" doc:id="9bbb2f4b-5b95-402f-977a-00566a825251" >
			<ee:message >
				<ee:set-payload ><![CDATA[%dw 2.0
output application/java
---
payload]]></ee:set-payload>
			</ee:message>
		</ee:transform>
    
    </flow>
    <flow name="post:\updateCaseStatus:application\json:sfdc-caseapi-config">
        <logger level="INFO" message="post:\updateCaseStatus:application\json:sfdc-caseapi-config" />
    </flow>
    <flow name="post:\createcase\caseNoteUpdate:application\json:sfdc-caseapi-config">
        <ee:transform>
            <ee:message>
                <ee:set-payload><![CDATA[%dw 2.0
output application/json
---
{
  CaseID: "500q0000004cJtIAAU",
  CaseNumber: "33313368712",
  Response: "S"
}]]></ee:set-payload>
            </ee:message>
        </ee:transform>
    </flow>
    <flow name="post:\ucrm\createCase:application\json:sfdc-caseapi-config">
        <logger level="INFO" message="post:\ucrm\createCase:application\json:sfdc-caseapi-config" />
    </flow>
    <flow name="post:\caseUpdate\escalate:application\json:sfdc-caseapi-config">
		<ee:transform doc:name="Transform Message" doc:id="c2ebde1f-f7b6-4c29-880a-37f5075d02c3" >
			<ee:message >
				<ee:set-payload ><![CDATA[%dw 2.0
output application/java
---
payload]]></ee:set-payload>
			</ee:message>
		</ee:transform>
		<set-variable value="#[payload]" doc:name="Set Variable" doc:id="55d52ad2-6b29-40c5-af38-9259e3ed4920" variableName="inputPayLoad"/>
		<logger level="INFO" doc:name="Logger" doc:id="066a3e52-5794-4085-8eff-50d1d860ecdb" message='#["Input Payload=$(vars.inputPayLoad)"]'/>
		<flow-ref doc:name="sfdc-connector" doc:id="90769cdf-2f30-4735-87dc-b2dc394ee843" name="sfdc-connector"/>
		<set-payload value="#[vars.inputPayLoad]" doc:name="Set Payload" doc:id="cf5c6793-c3e5-4e82-9657-197eb9d1d605" />
		<logger level="INFO" doc:name="Logger" doc:id="f8088147-15c5-40d3-96ac-84a14711267c" message='#["Rest Url = ${sfdc.caserestpath}/caseUpdate/escalate+\n+Input Payload $(vars.inputPayLoad)"]'/>
        <http:request doc:id="b30ed92d-2466-4ed2-b0e7-fdd7c7778c90" config-ref="Salesforce_Instance_Config" path="${sfdc.caserestpath}/caseUpdate/escalate" method="POST" doc:name="HTTP">
            <http:headers><![CDATA[#[{'Authorization' : "Bearer $(vars.sfdcToken)" , 'Content-Type' : 'application/json'}]]]></http:headers>
        </http:request>
		<ee:transform doc:name="Transform Message" doc:id="e7342ddd-215f-420a-8c8e-b99855b62dc3" >
			<ee:message >
				<ee:set-payload ><![CDATA[%dw 2.0
output application/java
---
payload]]></ee:set-payload>
			</ee:message>
		</ee:transform>
    
    </flow>
    <flow name="post:\createCaseAttachment:multipart\form-data:sfdc-caseapi-config">
        <logger level="INFO" message="post:\createCaseAttachment:multipart\form-data:sfdc-caseapi-config" />
    </flow>
    <flow name="post:\updateCaseAttachment:multipart\form-data:sfdc-caseapi-config">
        <logger level="INFO" message="post:\updateCaseAttachment:multipart\form-data:sfdc-caseapi-config" />
    </flow>
    <flow name="post:\servicecatalog\search:application\json:sfdc-caseapi-config">
		<ee:transform doc:name="Transform Message" doc:id="750244af-dcf0-4d4b-ad1e-83289acbd45c" >
			<ee:message >
				<ee:set-payload ><![CDATA[%dw 2.0
output application/java
---
payload]]></ee:set-payload>
			</ee:message>
		</ee:transform>
		<set-variable value="#[payload]" doc:name="Set Variable" doc:id="8f31fce7-464c-467b-b705-b01a51cd4a3f" variableName="inputPayLoad"/>
		<logger level="INFO" doc:name="Logger" doc:id="eb6e618e-010e-4861-b0b8-a16d7e371f62" message='#["Input Payload=$(vars.inputPayLoad)"]'/>
		<flow-ref doc:name="Flow Reference" doc:id="548131a8-9fdf-4f7f-811c-4d402eaf84b6" name="sfdc-connector"/>
		<set-payload value="#[vars.inputPayLoad]" doc:name="Set Payload" doc:id="981c8851-e849-46cb-a85c-2c7298751ebc" />
		<logger level="INFO" doc:name="Logger" doc:id="44911900-a5a9-4279-a882-94f64d3b2b5b" message='#["Rest Url = ${sfdc.caserestpath}/servicecatalog/search+\n+Input Payload $(vars.inputPayLoad)"]'/>
    <http:request doc:id="8eb7febf-2be4-4900-bc86-bc99fc24aeab" config-ref="Salesforce_Instance_Config" path="${sfdc.caserestpath}/servicecatalog/search" method="POST" doc:name="HTTP">
            <http:headers><![CDATA[#[{'Authorization' : "Bearer $(vars.sfdcToken)" , 'Content-Type' : 'application/json'}]]]></http:headers>
        </http:request>
		<ee:transform doc:name="Transform Message" doc:id="643ca664-8598-42a0-a33c-b9061490151d" >
			<ee:message >
				<ee:set-payload ><![CDATA[%dw 2.0
output application/java
---
payload]]></ee:set-payload>
			</ee:message>
		</ee:transform>
    
    </flow>
    <flow name="post:\pega\searchBulkCase:application\json:sfdc-caseapi-config">
        <logger level="INFO" message="post:\pega\searchBulkCase:application\json:sfdc-caseapi-config" />
    </flow>
    <flow name="post:\pega\searchCase:application\json:sfdc-caseapi-config">
        <logger level="INFO" message="post:\pega\searchCase:application\json:sfdc-caseapi-config" />
    </flow>
    <flow name="post:\createcase\serviceCatalogName:application\json:sfdc-caseapi-config">
        <ee:transform>
            <ee:message>
                <ee:set-payload><![CDATA[%dw 2.0
output application/json
---
{
  CaseID: "500q0000004cJtIAAU",
  CaseNumber: "33313368712",
  Response: "S"
}]]></ee:set-payload>
            </ee:message>
        </ee:transform>
    </flow>
    <flow name="post:\createcase\serviceCategoryNameOffering:application\json:sfdc-caseapi-config">
        <ee:transform>
            <ee:message>
                <ee:set-payload><![CDATA[%dw 2.0
output application/json
---
{
  CaseID: "500q0000004cJtIAAU",
  CaseNumber: "33313368712",
  Response: "S"
}]]></ee:set-payload>
            </ee:message>
        </ee:transform>
    </flow>
    <flow name="post:\createcase\serviceId:application\json:sfdc-caseapi-config">
        <ee:transform>
            <ee:message>
                <ee:set-payload><![CDATA[%dw 2.0
output application/json
---
{
  CaseID: "500q0000004cJtIAAU",
  CaseNumber: "33313368712",
  Response: "S"
}]]></ee:set-payload>
            </ee:message>
        </ee:transform>
    </flow>
    <flow name="post:\ucrm\updateCase:application\json:sfdc-caseapi-config">
        <logger level="INFO" message="post:\ucrm\updateCase:application\json:sfdc-caseapi-config" />
    </flow>
    <flow name="post:\ucrm\updateCaseAttachment:multipart\form-data:sfdc-caseapi-config">
        <logger level="INFO" message="post:\ucrm\updateCaseAttachment:multipart\form-data:sfdc-caseapi-config" />
    </flow>
    <flow name="post:\ucrm\updateCaseAttachment\(casenumber):multipart\form-data:sfdc-caseapi-config">
        <ee:transform>
            <ee:variables>
                <ee:set-variable variableName="casenumber">attributes.uriParams.'casenumber'</ee:set-variable>
            </ee:variables>
        </ee:transform>
        <logger level="INFO" message="post:\ucrm\updateCaseAttachment\(casenumber):multipart\form-data:sfdc-caseapi-config" />
    </flow>
    <flow name="post:\ucrm\updateCase\(casenumber):application\json:sfdc-caseapi-config">
        <ee:transform>
            <ee:variables>
                <ee:set-variable variableName="casenumber">attributes.uriParams.'casenumber'</ee:set-variable>
            </ee:variables>
        </ee:transform>
        <logger level="INFO" message="post:\ucrm\updateCase\(casenumber):application\json:sfdc-caseapi-config" />
    </flow>
	<flow name="post:\caseUpdate\updateWatchList:application\json:sfdc-caseapi-config">
		<ee:transform doc:name="Transform Message" doc:id="9b872747-d3a0-4dbc-9015-5d49068c2d02">
			<ee:message>
				<ee:set-payload><![CDATA[%dw 2.0
output application/java
---
payload]]></ee:set-payload>
			</ee:message>
		</ee:transform>
		<set-variable value="#[payload]" doc:name="Set Variable" doc:id="ad71e58c-6c6a-4496-8c33-14d5ad24415e" variableName="inputPayLoad"/>
		<logger level="INFO" doc:name="Logger" doc:id="98cca121-8719-4f38-881b-13c599136016" message='#["Input Payload=$(vars.inputPayLoad)"]'/>
		<flow-ref doc:name="Flow Reference" doc:id="69d52d60-1d4e-4417-a853-5e146082cde5" name="sfdc-connector"/>
		<set-payload value="#[vars.inputPayLoad]" doc:name="Set Payload" doc:id="69d26ba3-58fb-4d23-ac95-0f49cc20cb86" />
		<logger level="INFO" doc:name="Logger" doc:id="bea7b55a-a6fe-4252-afbe-b314564e49c5" message='#["Rest Url = ${sfdc.caserestpath}/caseUpdate/updateWatchList+\n+Input Payload $(vars.inputPayLoad)"]'/>
    <http:request doc:id="abea39bc-7f05-4c00-9b0e-e49004f939d3" config-ref="Salesforce_Instance_Config" path="${sfdc.caserestpath}/caseUpdate/updateWatchList" method="POST" doc:name="HTTP">
            <http:headers><![CDATA[#[{'Authorization' : "Bearer $(vars.sfdcToken)" , 'Content-Type' : 'application/json'}]]]></http:headers>
        </http:request>
		<ee:transform doc:name="Transform Message" doc:id="c1902e9b-57fb-4316-82c6-b8a3fd161b05" >
			<ee:message >
				<ee:set-payload ><![CDATA[%dw 2.0
output application/java
---
payload]]></ee:set-payload>
			</ee:message>
		</ee:transform>

    </flow>
    <flow name="post:\updatecase\(casenumber):application\json:sfdc-caseapi-config">
        <ee:transform doc:name="Json to Object">
            <ee:message >
				<ee:set-payload ><![CDATA[%dw 2.0
output application/java
---
payload]]></ee:set-payload>
			</ee:message>
			<ee:variables>
            </ee:variables>
        </ee:transform>
		<ee:transform doc:name="Transform Message" doc:id="8bd3784f-8121-4281-9db6-5d44a1c81795" >
			<ee:message >
			</ee:message>
			<ee:variables >
				<ee:set-variable variableName="inputPayload" ><![CDATA[payload]]></ee:set-variable>
				<ee:set-variable variableName="casenumber" ><![CDATA[attributes.uriParams.casenumber]]></ee:set-variable>
			</ee:variables>
		</ee:transform>
		<ee:transform doc:name="Expression Rayali" doc:id="68efb008-0b55-429b-a218-2940787b9dde" >
			<ee:message >
				<ee:set-payload ><![CDATA[%dw 2.0
output application/java
---
{
}]]></ee:set-payload>
			</ee:message>
		</ee:transform>
		<logger level="INFO" doc:name="Logger" doc:id="0ce6fb35-6307-477f-9fce-780f0ed3f53a" message='#["Case Number=$(vars.casenumber)"]'/>
		<flow-ref doc:name="sfdc-connector" doc:id="54b96b5a-1391-4957-999e-d6c9ce206fe6" name="sfdc-connector"/>
		<set-payload value="#[vars.inputPayload]" doc:name="Set Payload" doc:id="72e3643a-cea8-46d1-b11c-a9ca9f802ab1" />
    <http:request doc:id="d85d800d-09cb-415e-98b2-87da0ebf6203" config-ref="Salesforce_Instance_Config" path="#[&quot;${sfdc.caserestpath}/updatecase/$(vars.casenumber)&quot;]" method="POST" doc:name="HTTP">
            <http:headers><![CDATA[#[{'Authorization' : "Bearer $(vars.sfdcToken)"}]]]></http:headers>
        </http:request>
		<ee:transform doc:name="Transform Message" doc:id="5b526b2d-fe5e-46ed-b427-40af54438824" >
			<ee:message >
				<ee:set-payload ><![CDATA[%dw 2.0
output application/java
---
payload]]></ee:set-payload>
			</ee:message>
		</ee:transform>
    
    </flow>
</mule>
