{
"SearchCCOID": "praddash",
 "Origin": "Web",
 "Subject": "Testing 123",
 "Description": "Creating Sample Case",
"Priority": "P4",
 "IsItForFederal": "false",
 "ServiceId": "a11Z000000AmIIzIAN",
 "SourceSystem":"CCW(CCW-Order-Support@cisco.com)",
"DynamicFieldList" :[
           {
                DynamicFieldLabel : "Requestor Contact Email",
                DynamicFieldValue : "praddash@cisco.com"
                
           },
           {
                DynamicFieldLabel : "Requestor Contact Name",
                DynamicFieldValue : "Pradeep Dash"
           }
     ]    
}
