<?xml version="1.0" encoding="UTF-8"?>

<mule xmlns:db="http://www.mulesoft.org/schema/mule/db"
	xmlns:dw="http://www.mulesoft.org/schema/mule/ee/dw"
	xmlns="http://www.mulesoft.org/schema/mule/core" xmlns:doc="http://www.mulesoft.org/schema/mule/documentation"
	xmlns:spring="http://www.springframework.org/schema/beans" version="EE-3.8.4"
	xmlns:xsi="http://www.w3.org/2001/XMLSchema-instance"
	xsi:schemaLocation="
http://www.mulesoft.org/schema/mule/db http://www.mulesoft.org/schema/mule/db/current/mule-db.xsd 
http://www.mulesoft.org/schema/mule/ee/dw http://www.mulesoft.org/schema/mule/ee/dw/current/dw.xsd http://www.springframework.org/schema/beans http://www.springframework.org/schema/beans/spring-beans-current.xsd
http://www.mulesoft.org/schema/mule/core http://www.mulesoft.org/schema/mule/core/current/mule.xsd">


	<flow name="post:/createCase/caseNoteUpdate:application/json:sfdc-caseapi-config">
        <flow-ref name="Convert-Stream-to-Map" doc:name="Convert-Stream-to-Map" />
        <message-properties-transformer scope="invocation" doc:name="Input Parameters">
            <add-message-property key="searchccoid" value="#[payload.SearchCCOID]" />
            <add-message-property key="origin" value="#[payload.Origin]" />
            <add-message-property key="subject" value="#[payload.Subject]" />
            <add-message-property key="description" value="#[payload.Description]" />
            <add-message-property key="priority" value="#[payload.Priority]" />
            <add-message-property key="sourceSystem" value="#[payload.SourceSystem]" />
            <add-message-property key="inputPayload" value="#[payload]" />
            <add-message-property key="serviceName" value="#[payload.ServiceName]" />
            <add-message-property key="serviceOffering" value="#[payload.ServiceOffering]" />
            <add-message-property key="serviceCategory" value="#[payload.ServiceCategory]" />
            <add-message-property key="caseNoteType" value="#[payload.CaseNote[&quot;NoteType&quot;]]" />
            <add-message-property key="caseNoteDescription" value="#[payload.CaseNote[&quot;NoteDescription&quot;]]" />
        </message-properties-transformer>
        <logger message="Case Note : #[flowVars.caseNoteType] , #[flowVars.caseNoteDescription]" level="INFO" doc:name="Logger" />
        <db:select config-ref="Oracle_Configuration" doc:name="Database">
            <db:parameterized-query><![CDATA[select distinct DestinationSystem from CASE_PLATFORM where (Status = 'Active' and 
(SourceSystem = #[flowVars.sourceSystem] and ServiceId = #[flowVars.serviceId]) or
(SourceSystem = #[flowVars.sourceSystem]) or
(SourceSystem is null and ServiceId = #[flowVars.serviceId]))]]></db:parameterized-query>
        </db:select>
        <dw:transform-message doc:name="Transform Message">
            <dw:set-payload><![CDATA[%dw 1.0
%output application/java
---
payload[0]]]></dw:set-payload>
            <dw:set-variable variableName="destinationSystem"><![CDATA[%dw 1.0
%output application/java
---
payload[0].DESTINATIONSYSTEM]]></dw:set-variable>
        </dw:transform-message>
        <logger message="#[payload]" level="INFO" doc:name="Logger" />
        <choice doc:name="Choice">
            <when expression="#[flowVars.destinationSystem == &quot;Pega&quot;]">
                <logger level="INFO" doc:name="Creating Case in Pega" message="Creating Case in Pega" />
            </when>
            <otherwise>
                <logger level="INFO" doc:name="Creating Case in Salesforce" message="Creating Case in Salesforce" />
            </otherwise>
        </choice>
    </flow>
    <flow name="post:/createCase/serviceCatalogName:application/json:sfdc-caseapi-config">
        <flow-ref name="Convert-Stream-to-Map" doc:name="Convert-Stream-to-Map" />
        <message-properties-transformer scope="invocation" doc:name="Input Parameters">
            <add-message-property key="searchccoid" value="#[payload.SearchCCOID]" />
            <add-message-property key="origin" value="#[payload.Origin]" />
            <add-message-property key="subject" value="#[payload.Subject]" />
            <add-message-property key="description" value="#[payload.Description]" />
            <add-message-property key="priority" value="#[payload.Priority]" />
            <add-message-property key="serviceCatalogName" value="#[payload.ServiceCatalogName]" />
            <add-message-property key="sourceSystem" value="#[payload.SourceSystem]" />
            <add-message-property key="inputPayload" value="#[payload]" />
        </message-properties-transformer>
        <logger message="Service Catalog : #[flowVars.serviceCatalogName]" level="INFO" doc:name="Logger" />
        <db:select config-ref="Oracle_Configuration" doc:name="Database">
            <db:parameterized-query><![CDATA[select distinct DestinationSystem from CASE_PLATFORM where (Status = 'Active' and 
(SourceSystem = #[flowVars.sourceSystem] and ServiceCatalogName = #[flowVars.serviceCatalogName]) or
(SourceSystem = #[flowVars.sourceSystem]) or
(SourceSystem is null and ServiceCatalogName = #[flowVars.serviceCatalogName]))]]></db:parameterized-query>
        </db:select>
        <dw:transform-message doc:name="Transform Message">
            <dw:set-payload><![CDATA[%dw 1.0
%output application/java
---
payload[0]]]></dw:set-payload>
            <dw:set-variable variableName="destinationSystem"><![CDATA[%dw 1.0
%output application/java
---
payload[0].DESTINATIONSYSTEM]]></dw:set-variable>
        </dw:transform-message>
        <logger message="#[payload]" level="INFO" doc:name="Logger" />
        <choice doc:name="Choice">
            <when expression="#[flowVars.destinationSystem == &quot;Pega&quot;]">
                <logger level="INFO" doc:name="Creating Case in Pega" message="Creating Case in Pega" />
            </when>
            <otherwise>
                <logger level="INFO" doc:name="Creating Case in Salesforce" message="Creating Case in Salesforce" />
            </otherwise>
        </choice>
    </flow>
    <flow name="post:/createCase/serviceCategoryNameOffering:application/json:sfdc-caseapi-config">
        <flow-ref name="Convert-Stream-to-Map" doc:name="Convert-Stream-to-Map" />
        <message-properties-transformer scope="invocation" doc:name="Input Parameters">
            <add-message-property key="searchccoid" value="#[payload.SearchCCOID]" />
            <add-message-property key="origin" value="#[payload.Origin]" />
            <add-message-property key="subject" value="#[payload.Subject]" />
            <add-message-property key="description" value="#[payload.Description]" />
            <add-message-property key="priority" value="#[payload.Priority]" />
            <add-message-property key="sourceSystem" value="#[payload.SourceSystem]" />
            <add-message-property key="inputPayload" value="#[payload]" />
            <add-message-property key="serviceName" value="#[payload.ServiceName]" />
            <add-message-property key="serviceOffering" value="#[payload.ServiceOffering]" />
            <add-message-property key="serviceCategory" value="#[payload.ServiceCategory]" />
        </message-properties-transformer>
        <logger message="Service : #[flowVars.serviceCategory] , #[flowVars.serviceName] , #[flowVars.serviceOffering]" level="INFO" doc:name="Logger" />
        <db:select config-ref="Oracle_Configuration" doc:name="Database">
            <db:parameterized-query><![CDATA[select distinct DestinationSystem from CASE_PLATFORM where (Status = 'Active' and 
(SourceSystem = #[flowVars.sourceSystem] and ServiceCategory = #[flowVars.serviceCategory]) or
(SourceSystem = #[flowVars.sourceSystem]) or
(SourceSystem is null and ServiceCategory = #[flowVars.serviceCategory]))]]></db:parameterized-query>
        </db:select>
        <dw:transform-message doc:name="Transform Message">
            <dw:set-payload><![CDATA[%dw 1.0
%output application/java
---
payload[0]]]></dw:set-payload>
            <dw:set-variable variableName="destinationSystem"><![CDATA[%dw 1.0
%output application/java
---
payload[0].DESTINATIONSYSTEM]]></dw:set-variable>
        </dw:transform-message>
        <logger message="#[payload]" level="INFO" doc:name="Logger" />
        <choice doc:name="Choice">
            <when expression="#[flowVars.destinationSystem == &quot;Pega&quot;]">
                <logger level="INFO" doc:name="Creating Case in Pega" message="Creating Case in Pega" />
            </when>
            <otherwise>
                <logger level="INFO" doc:name="Creating Case in Salesforce" message="Creating Case in Salesforce" />
            </otherwise>
        </choice>
    </flow>
    <flow name="post:/createCase/serviceId:application/json:sfdc-caseapi-config">
        <flow-ref name="Convert-Stream-to-Map" doc:name="Convert-Stream-to-Map" />
        <message-properties-transformer scope="invocation" doc:name="Input Parameters">
            <add-message-property key="searchccoid" value="#[payload.SearchCCOID]" />
            <add-message-property key="origin" value="#[payload.Origin]" />
            <add-message-property key="subject" value="#[payload.Subject]" />
            <add-message-property key="description" value="#[payload.Description]" />
            <add-message-property key="priority" value="#[payload.Priority]" />
            <add-message-property key="serviceId" value="#[payload.ServiceId]" />
            <add-message-property key="sourceSystem" value="#[payload.SourceSystem]" />
            <add-message-property key="inputPayload" value="#[payload]" />
        </message-properties-transformer>
        <logger message="#[flowVars.serviceId]" level="INFO" doc:name="Logger" />
        <db:select config-ref="Oracle_Configuration" doc:name="Database">
            <db:parameterized-query><![CDATA[select distinct DestinationSystem from CASE_PLATFORM where (Status = 'Active' and 
(SourceSystem = #[flowVars.sourceSystem] and ServiceId = #[flowVars.serviceId]) or
(SourceSystem = #[flowVars.sourceSystem]) or
(SourceSystem is null and ServiceId = #[flowVars.serviceId]))]]></db:parameterized-query>
        </db:select>
        <dw:transform-message doc:name="Transform Message">
            <dw:set-payload><![CDATA[%dw 1.0
%output application/java
---
payload[0]]]></dw:set-payload>
            <dw:set-variable variableName="destinationSystem"><![CDATA[%dw 1.0
%output application/java
---
payload[0].DESTINATIONSYSTEM]]></dw:set-variable>
        </dw:transform-message>
        <logger message="#[payload]" level="INFO" doc:name="Logger" />
        <choice doc:name="Choice">
            <when expression="#[flowVars.destinationSystem == &quot;Pega&quot;]">
                <logger level="INFO" doc:name="Creating Case in Pega" message="Creating Case in Pega" />
            </when>
            <otherwise>
                <logger level="INFO" doc:name="Creating Case in Salesforce" message="Creating Case in Salesforce" />
            </otherwise>
        </choice>
    </flow>
</mule>
