<?xml version="1.0" encoding="UTF-8"?>

<mule xmlns:http="http://www.mulesoft.org/schema/mule/http"
	xmlns="http://www.mulesoft.org/schema/mule/core" xmlns:doc="http://www.mulesoft.org/schema/mule/documentation" xmlns:spring="http://www.springframework.org/schema/beans" xmlns:json="http://www.mulesoft.org/schema/mule/json" xmlns:dw="http://www.mulesoft.org/schema/mule/ee/dw" xmlns:core="http://www.mulesoft.org/schema/mule/core" xmlns:xsi="http://www.w3.org/2001/XMLSchema-instance" xsi:schemaLocation="http://www.mulesoft.org/schema/mule/http http://www.mulesoft.org/schema/mule/http/current/mule-http.xsd
http://www.springframework.org/schema/beans http://www.springframework.org/schema/beans/spring-beans-current.xsd
http://www.mulesoft.org/schema/mule/json http://www.mulesoft.org/schema/mule/json/current/mule-json.xsd
http://www.mulesoft.org/schema/mule/ee/dw http://www.mulesoft.org/schema/mule/ee/dw/current/dw.xsd
http://www.mulesoft.org/schema/mule/core http://www.mulesoft.org/schema/mule/core/current/mule.xsd">
    <sub-flow name="Pega-Response-Transformation">
        <choice doc:name="Choice">
            <when expression="#[payload.ERR_CODE == '1106']">
                <logger level="INFO" doc:name="Logger"/>
                <dw:transform-message doc:name="Transform Message">
                    <dw:set-payload><![CDATA[%dw 1.0
%output application/json
---
{
    "PEGA_REQUEST_ID": payload.PEGA_REQUEST_ID,
    "STATUS": "SUBMITTED",
    "SOURCE_REQUEST_ID": payload.SOURCE_REQUEST_ID,
    "CaseNumber": payload.PEGA_REQUEST_ID
}]]></dw:set-payload>
                </dw:transform-message>
            </when>
            <otherwise>
                <logger level="INFO" doc:name="Logger"/>
                <json:object-to-json-transformer mimeType="application/json" doc:name="Object to JSON"/>
                <dw:transform-message doc:name="Transform Message">
                    <dw:set-payload><![CDATA[%dw 1.0
%output application/json
---

payload]]></dw:set-payload>
                </dw:transform-message>
            </otherwise>
        </choice>
    </sub-flow>
    <sub-flow name="Convert-Stream-to-Map">
        <object-to-string-transformer doc:name="Object to String (JSON)"/>
        <logger message="Convert Stream String" level="INFO" category="com.cisco.${mule.env}" doc:name="Logger"/>
        <choice doc:name="Choice">
            <when expression="#[!payload.startsWith('[') &amp;&amp; payload != empty]">
                <logger message="JSON found" level="INFO" category="com.cisco.${mule.env}" doc:name="JSON"/>
                <json:json-to-object-transformer returnClass="java.util.LinkedHashMap" doc:name="JSON to Map"/>
            </when>
            <when expression="#[payload.startsWith('[') &amp;&amp; payload != empty]">
                <logger message="JSON Array found" level="INFO" category="com.cisco.${mule.env}" doc:name="JSON Array"/>
                <json:json-to-object-transformer returnClass="java.util.LinkedHashMap[]" doc:name="JSON to Map Array"/>
            </when>
            <otherwise>
                <logger message="No JSON payload, returning null" level="INFO" category="com.cisco.${mule.env}" doc:name="Unknown Json"/>
                <set-payload value="#[payload]" doc:name="Set Payload"/>
            </otherwise>
        </choice>
    </sub-flow>
	<sub-flow name="PegaCreateCaseWithAttachment">
		<flow-ref name="pega-connector" doc:name="pega-connector"/>
	<logger message="Case Creation in Pega" level="INFO" doc:name="Case Creation Pega"/>
						<logger message="CreateAttach Pega" level="INFO" doc:name="CreateAttach Pega"/>
						<set-payload value="#[flowVars.intitialPayload]" doc:name="Set Inital Payload"/>
						<set-attachment attachmentName="#['FileData']" value="#[flowVars.fileContent]" contentType="#[flowVars.fileContentType]" doc:name="Attachment for Filedata"/>
						<set-attachment attachmentName="#['CaseData']" value="#[flowVars.caseData1]" contentType="text/plain" doc:name="Attachment for Casedata"/>
		<logger message="CaseData to send  : #[flowVars.caseData1]" level="INFO" doc:name="Logger"/>
		<dw:transform-message doc:name="Transform Message">
			<dw:set-payload><![CDATA[%dw 1.0
%output application/json
---
null]]></dw:set-payload>
		</dw:transform-message>

						<http:request config-ref="HTTP_Request_Configuration_update" path="/CSXCreateCase/CSX/CreateCaseWithAttachment" method="POST" doc:name="Pega Create case with Attachment service call">
							<http:request-builder>
				<http:header headerName="Content-Type" value="multipart/form-data"/>
				<http:header headerName="Authorization" value="Bearer #[sessionVars.pegaToken]"/>

							</http:request-builder>
						</http:request>
		<flow-ref name="Convert-Stream-to-Map" doc:name="Convert-Stream-to-Map"/>

						<flow-ref name="Pega-Response-Transformation" doc:name="Pega-Response-Transformation"/>
						<logger message="#[payload]" level="INFO" doc:name="Logger"/>
	</sub-flow>
</mule>
