<?xml version="1.0" encoding="UTF-8"?>

<mule xmlns:metadata="http://www.mulesoft.org/schema/mule/metadata" xmlns:json="http://www.mulesoft.org/schema/mule/json" xmlns:dw="http://www.mulesoft.org/schema/mule/ee/dw"
	xmlns:http="http://www.mulesoft.org/schema/mule/http" xmlns="http://www.mulesoft.org/schema/mule/core" xmlns:doc="http://www.mulesoft.org/schema/mule/documentation"
	xmlns:spring="http://www.springframework.org/schema/beans" 
	xmlns:xsi="http://www.w3.org/2001/XMLSchema-instance"
	xsi:schemaLocation="http://www.springframework.org/schema/beans http://www.springframework.org/schema/beans/spring-beans-current.xsd
http://www.mulesoft.org/schema/mule/json http://www.mulesoft.org/schema/mule/json/current/mule-json.xsd
http://www.mulesoft.org/schema/mule/http http://www.mulesoft.org/schema/mule/http/current/mule-http.xsd
http://www.mulesoft.org/schema/mule/ee/dw http://www.mulesoft.org/schema/mule/ee/dw/current/dw.xsd
http://www.mulesoft.org/schema/mule/core http://www.mulesoft.org/schema/mule/core/current/mule.xsd">
	<http:request-config name="HTTP_Request_Configuration_SFDVv2_Token_Generator" host="${sfdc_v2_token.host}" port="${sfdc_v2_token.port}" basePath="${sfdc_v2_token.path}" responseTimeout="60000" doc:name="HTTP Request Configuration" protocol="HTTPS"/>
	<sub-flow name="InitialSetupForAttachment">
		<set-variable variableName="attachmentMessage" value="#[message.inboundAttachments]" doc:name="Attachment Message"/>
		<set-variable variableName="casenumber" value="#[message.inboundProperties.'http.uri.params'.casenumber]" doc:name="Case Number"/>
		<set-variable variableName="attachmentPath" value="/CaseAttach/#[flowVars.casenumber]" doc:name="Add path "/>
	</sub-flow>
	<sub-flow name="sfdc_v2_request_flowsSub_Flow">
		<http:request config-ref="HTTP_Request_Configuration_SFDC_v2" path="/createcase/serviceid" method="POST" doc:name="SFDC Create Case By Service Id  call"/>
	</sub-flow>
	<sub-flow name="sfdc_v2_request_flows_salesforce_token_generator">
		<logger message="Requesting token to Sales force " level="INFO" doc:name="Logger"/>
		
		<dw:transform-message doc:name="Transform Message">
			<dw:set-payload><![CDATA[%dw 1.0
%output application/java
---

{
	"grant_type":"password",
	"client_id":"${sfdc_v2.clientid}",
	"client_secret":"${sfdc_v2.clientsecret}",
	"username":"${sfdc_v2.username}",
	"password":"${sfdc_v2.password}"
}]]></dw:set-payload>
		</dw:transform-message>
		<logger message="payload : #[payload]" level="INFO" doc:name="Logger"/>

		<http:request config-ref="HTTP_Request_Configuration_SFDVv2_Token_Generator" path="/token" method="POST" doc:name="HTTP to Sales Force token oauth ">
			<http:request-builder>
				<http:header headerName="Content-Type" value="application/x-www-form-urlencoded"/>

			</http:request-builder>
		</http:request>
		<logger message="Finish getting sales force token " level="INFO" doc:name="Logger"/>
		<json:json-to-object-transformer returnClass="java.util.LinkedHashMap" doc:name="JSON to Object"/>
		<logger message="Setting access token to session variable " level="INFO" doc:name="Logger"/>
		<set-session-variable variableName="salesForceToken" value="#[payload.access_token]" doc:name="Session Variable"/>
		<logger message="Seesion Id=#[sessionVars.salesForceToken]" level="INFO" doc:name="Logger"/>
	</sub-flow>
	<sub-flow name="sfdc_v2_request_createcase_by_service_id_endpoint">
	                       <logger message="Case Creation at uCRM" level="INFO" doc:name="Case Creation at uCRM" />
                        <set-payload value="#[flowVars.inputPayload]" doc:name="Set Payload" />
                        <dw:transform-message doc:name="Transform Message">
                            <dw:set-payload><![CDATA[%dw 1.0
%output application/json
---

payload]]></dw:set-payload>
                        </dw:transform-message>
                        <logger message="Random : #[payload]" level="INFO" doc:name="Logger" />
		<flow-ref name="sfdc_v2_request_flowsSub_CaseCreationRequest" doc:name="Create Case Request"/>
		<set-payload value="#[flowVars.sfdcResponse]" doc:name="Set Payload"/>

                        <object-to-string-transformer doc:name="Object to String" mimeType="application/json" />
                        <dw:transform-message doc:name="Transform Message">
                            <dw:set-payload><![CDATA[%dw 1.0
%output application/json
---
payload ++ 
{	"PEGA_REQUEST_ID": "Not applicable",
    "STATUS": "SUBMITTED",
    "SOURCE_REQUEST_ID": "Not applicable"
}]]></dw:set-payload>
                        </dw:transform-message>
	</sub-flow>
	<sub-flow name="sfdc_v2_request_createcase_by_service_category_nam_and_offering">
	                        <logger message="Case Creation at uCRM" level="INFO" doc:name="Case Creation at uCRM" />
                        <set-payload value="#[flowVars.inputPayload]" doc:name="Set Payload" />
                        <dw:transform-message doc:name="Transform Message">
                            <dw:set-payload><![CDATA[%dw 1.0
%output application/json
---

payload]]></dw:set-payload>
                        </dw:transform-message>
                        <logger message="Random : #[payload]" level="INFO" doc:name="Logger" />
		<flow-ref name="sfdc_v2_request_flowsSub_CaseCreationRequest" doc:name="Create Case Request"/>
		<set-payload value="#[flowVars.sfdcResponse]" doc:name="Set Payload"/>

                        <object-to-string-transformer doc:name="Object to String" mimeType="application/json" />
                        <dw:transform-message doc:name="Transform Message">
                            <dw:set-payload><![CDATA[%dw 1.0
%output application/json
---
payload ++ 
{	"PEGA_REQUEST_ID": "Not applicable",
    "STATUS": "SUBMITTED",
    "SOURCE_REQUEST_ID": "Not applicable"
}]]></dw:set-payload>
                        </dw:transform-message>
	</sub-flow>
	<sub-flow name="sfdc_v2_request_creatcase_by_note">
	                        <logger message="Case Creation at uCRM" level="INFO" doc:name="Case Creation at uCRM" />
                        <set-payload value="#[flowVars.inputPayload]" doc:name="Set Payload" />
                        <dw:transform-message doc:name="Transform Message">
                            <dw:set-payload><![CDATA[%dw 1.0
%output application/json
---

payload]]></dw:set-payload>
                        </dw:transform-message>
                        <logger message="Random : #[payload]" level="INFO" doc:name="Logger" />
		<flow-ref name="sfdc_v2_request_flowsSub_CaseCreationRequest" doc:name="Create Case Request"/>
		<set-payload value="#[flowVars.sfdcResponse]" doc:name="Set Payload"/>

                        <object-to-string-transformer doc:name="Object to String" mimeType="application/json" />
                        <dw:transform-message doc:name="Transform Message">
                            <dw:set-payload><![CDATA[%dw 1.0
%output application/json
---
payload ++ 
{	"PEGA_REQUEST_ID": "Not applicable",
    "STATUS": "SUBMITTED",
    "SOURCE_REQUEST_ID": "Not applicable"
}]]></dw:set-payload>
                        </dw:transform-message>
	</sub-flow>
	<sub-flow name="sfdc_v2_request_createcase_by_service_catalog_name">
	                        <logger message="Case Creation at uCRM" level="INFO" doc:name="Case Creation at uCRM" />
                        <set-payload value="#[flowVars.inputPayload]" doc:name="Set Payload" />
                        <dw:transform-message doc:name="Transform Message">
                            <dw:set-payload><![CDATA[%dw 1.0
%output application/json
---

payload]]></dw:set-payload>
                        </dw:transform-message>
                        <logger message="Random : #[payload]" level="INFO" doc:name="Logger" />
		<flow-ref name="sfdc_v2_request_flowsSub_CaseCreationRequest" doc:name="Create Case Request"/>
		<logger message="Request made successfully " level="INFO" doc:name="Logger"/>
		<set-payload value="#[flowVars.sfdcResponse]" doc:name="Set Payload"/>

                        <object-to-string-transformer doc:name="Object to String" mimeType="application/json" />

	</sub-flow>
	<sub-flow name="sfdc_v2_request_flowsSub_CaseCreationRequest">
		<set-variable variableName="sfdcResponse" value="test" doc:name="Variable"/>
		<flow-ref name="sfdc_v2_request_flows_salesforce_token_generator" doc:name="Get Sales force token"/>
		<set-payload value="#[flowVars.inputPayload]"  doc:name="Set Payload"/>
		<dw:transform-message doc:name="Transform Message">
			<dw:set-payload><![CDATA[%dw 1.0
%output application/json
---

payload]]></dw:set-payload>
		</dw:transform-message>
		<logger message="Payload to be send  #[payload] , sales force token : #[sessionVars.salesForceToken]" level="INFO" doc:name="Logger"/>
		<http:request config-ref="HTTP_Request_Configuration_SFDC_v2" path="/CreateCase" method="POST" doc:name="Http Case Creation" target="#[flowVars.sfdcResponse]">
			<http:request-builder>
				<http:header headerName="Authorization" value="Bearer #[sessionVars.salesForceToken]"/>
				<http:header headerName="Content-Type" value="application/json"/>

			</http:request-builder>
		</http:request>
	</sub-flow>
	<sub-flow name="Initial_Common_Setup_For_Request_CreateCase">
	<flow-ref name="Convert-Stream-to-Map" doc:name="Convert Stream to Map "/>
		<message-properties-transformer scope="invocation" doc:name="Input Parameters">
            <add-message-property key="searchccoid" value="#[payload.SearchCCOID]" />
            <add-message-property key="origin" value="#[payload.Origin]" />
            <add-message-property key="subject" value="#[payload.Subject]" />
            <add-message-property key="description" value="#[payload.Description]" />
            <add-message-property key="priority" value="#[payload.Priority]" />
            <add-message-property key="sourceSystem" value="#[payload.SourceSystem]" />
            <add-message-property key="serviceName" value="#[payload.ServiceName]" />
            <add-message-property key="serviceOffering" value="#[payload.ServiceOffering]" />
            <add-message-property key="serviceCategory" value="#[payload.ServiceCategory]" />
            <add-message-property key="caseNote" value="#[payload.CaseNote]" />
            <add-message-property key="serviceId" value="#[payload.ServiceId]" />
            <add-message-property key="serviceCatalogName" value="#[payload.ServiceCatalogName]" />
            <add-message-property key="inputPayload" value="#[payload]" />
            <add-message-property key="federal" value="#[payload.IsItForFederal]" />
            <add-message-property key="dynamicfieldlist" value="#[payload.DynamicFieldList]" />
            <add-message-property key="pegaRequestId" value="#[payload.PEGA_REQUEST_ID]" />
            <add-message-property key="caseChannel" value="#[payload.CASE_CHANNEL]" />
            <add-message-property key="requesterId" value="#[payload.REQUESTER_ID]" />
            <add-message-property key="requestType" value="#[payload.REQUEST_TYPE]" />
        </message-properties-transformer>
	</sub-flow>
	<sub-flow name="sfdc_v2_request_flowsSub_ReadCaseAttachmentMetaData">
	<set-variable variableName="caseData" value="#[flowVars.inboundMessage['casedata']dataSource.content]" doc:name="Variable" />
        <set-payload value="#[flowVars.caseData]" mimeType="application/json" doc:name="Set Payload to convert case data value" />
        <dw:transform-message doc:name="Transform Message">
            <dw:set-payload><![CDATA[%dw 1.0
%output application/json
---

payload]]></dw:set-payload>
        </dw:transform-message>
        <set-payload value="#[message.payloadAs(java.lang.String)]" doc:name="Convert case data to String" />
        <dw:transform-message doc:name="Transform Message">
            <dw:set-payload><![CDATA[%dw 1.0
%output application/java
---

read(payload,'application/json')]]></dw:set-payload>
        </dw:transform-message>
        <set-variable variableName="caseDataAttribute" value="#[payload]" doc:name="Variable" />
        <logger message="variables to be included in payload : #[flowVars.fileBase64String]   , #[flowVars.caseDataAttribute]" level="INFO" doc:name="Logger" />
	
	</sub-flow>

	<sub-flow name="sfdc_v2_request_flows_ReadFileAttachmentData">
		<set-variable variableName="inboundMessage" value="#[flowVars.attachmentMessage]" doc:name="Variable"/>

        <set-payload value="#[java.util.Base64.getEncoder().encode(flowVars.inboundMessage['filedata']dataSource.content)]" doc:name="Set Payload for file content" />

        <set-variable variableName="fileBase64String" value="#[payload]" doc:name="Variable" />
        <logger message="After base 64 encoding :  #[flowVars.fileBase64String]" level="INFO" doc:name="Logger" />
    
	</sub-flow>


	<sub-flow name="sfdc_v2_request_flows_UpdateAttachment">

		<set-variable variableName="attachmentPath" value="/CaseAttach/#[flowVars.casenumber]" doc:name="Variable"/>

		<logger message=" path : #[flowVars.attachmentPath]" level="INFO" doc:name="Logger"/>

		<logger message="Payload to be send  #[payload] , sales force token : #[sessionVars.salesForceToken]" level="INFO" doc:name="Logger"/>
		<http:request config-ref="HTTP_Request_Configuration_SFDC_v2" path="#[flowVars.attachmentPath]" method="POST" doc:name="SFDC Update Attachment">
			<http:request-builder>
				<http:header headerName="Authorization " value="Bearer #[sessionVars.salesForceToken]"/>
				<http:header headerName="Accept" value="*/*"/>
				<http:header headerName="accept-encoding" value="gzip, deflate"/>
				<http:header headerName="Content-Type" value="text/plain"/>
				<http:header headerName="cache-control" value="no-cache"/>
			</http:request-builder>
			<http:success-status-code-validator values="0..599"/>
		</http:request>

	</sub-flow>
	<sub-flow name="sfdc_v2_request_flows_UpdateCase">
		<flow-ref name="sfdc_v2_request_flows_salesforce_token_generator" doc:name="Get Sales Force Token "/>
		<set-variable variableName="updatePath" value="/caseupdate/#[flowVars.casenumber]" doc:name="Set Path "/>
		<set-variable variableName="sfdcResponse" value="test" doc:name="Variable"/>
		<logger message="path  #[flowVars.updatePath]" level="INFO" doc:name="Logger"/>
				<set-payload value="#[flowVars.inputPayload]"  doc:name="Set Payload"/>
		<logger message="Payload to be send  #[payload] , sales force token : #[sessionVars.salesForceToken]" level="INFO" doc:name="Logger"/>
		<http:request config-ref="HTTP_Request_Configuration_SFDC_v2" path="#[flowVars.updatePath]" method="POST" doc:name="SFDC Update Case" target="#[flowVars.sfdcResponse]">
			<http:request-builder>
				<http:header headerName="Content-Type" value="application/json"/>
				<http:header headerName="Authorization" value="Bearer #[sessionVars.salesForceToken]"/>


			</http:request-builder>
			
		</http:request>
	</sub-flow>
</mule>
