<?xml version='1.0' encoding='UTF-8'?>
<types:mule xmlns:types="http://www.mulesoft.org/schema/mule/types">
  <types:catalog>
    <types:type name="auto_e64fc98c-bb49-461b-bb0e-6433a8547d65_Input-Payload" format="java">
      <types:shape format="weave" example="weave/autogenerated/e64fc98c-bb49-461b-bb0e-6433a8547d65/Input-Payload.wev" autogeneratedOrigin="54b96b5a-1391-4957-999e-d6c9ce206fe6"><![CDATA[%dw 2.0

type auto_e64fc98c_bb49_461b_bb0e_6433a8547d65_Input_Payload = {|  |}

]]></types:shape>
    </types:type>
    <types:type name="auto_e64fc98c-bb49-461b-bb0e-6433a8547d65_Input-Attributes" format="java">
      <types:shape format="weave" example="weave/autogenerated/e64fc98c-bb49-461b-bb0e-6433a8547d65/Input-Attributes.wev" autogeneratedOrigin="54b96b5a-1391-4957-999e-d6c9ce206fe6"><![CDATA[%dw 2.0

type auto_e64fc98c_bb49_461b_bb0e_6433a8547d65_Input_Attributes = {|
  clientCertificate?: {|
    publicKey?: {|  |}, 
    "type"?: String, 
    encoded?: Binary
  |}, 
  headers: {| "Content-Type": "application/json" |}, 
  listenerPath: String, 
  method: String, 
  queryParams: {|  |}, 
  queryString: String, 
  relativePath: String, 
  remoteAddress: String, 
  requestPath: String, 
  requestUri: String, 
  scheme: String, 
  uriParams: {| casenumber: String |}, 
  version: String, 
  localAddress: String
|}

]]></types:shape>
    </types:type>
    <types:type name="auto_e64fc98c-bb49-461b-bb0e-6433a8547d65_Input-Variables-inputPayload" format="java">
      <types:shape format="weave" example="weave/autogenerated/e64fc98c-bb49-461b-bb0e-6433a8547d65/Input-Variables-inputPayload.wev" autogeneratedOrigin="54b96b5a-1391-4957-999e-d6c9ce206fe6"><![CDATA[%dw 2.0

type auto_e64fc98c_bb49_461b_bb0e_6433a8547d65_Input_Variables_inputPayload = {
  Origin: String, 
  IsDraft?: String, 
  SearchCCOID: String, 
  CaseNumber?: String, 
  CaseID?: String, 
  CaseNote: { _?: Any }, 
  _?: Any
}

]]></types:shape>
    </types:type>
    <types:type name="auto_e64fc98c-bb49-461b-bb0e-6433a8547d65_Input-Variables-casenumber" format="java">
      <types:shape format="raml" autogeneratedOrigin="54b96b5a-1391-4957-999e-d6c9ce206fe6"><![CDATA[#%RAML 1.0 DataType
type: string]]></types:shape>
    </types:type>
    <types:type name="auto_e64fc98c-bb49-461b-bb0e-6433a8547d65_Input-Variables-outboundHeaders" format="java">
      <types:shape format="weave" example="weave/autogenerated/e64fc98c-bb49-461b-bb0e-6433a8547d65/Input-Variables-outboundHeaders.wev" autogeneratedOrigin="54b96b5a-1391-4957-999e-d6c9ce206fe6"><![CDATA[%dw 2.0

type auto_e64fc98c_bb49_461b_bb0e_6433a8547d65_Input_Variables_outboundHeaders = {|  |}

]]></types:shape>
    </types:type>
    <types:type name="auto_e64fc98c-bb49-461b-bb0e-6433a8547d65_Input-Variables-httpStatus" format="java">
      <types:shape format="raml" autogeneratedOrigin="54b96b5a-1391-4957-999e-d6c9ce206fe6"><![CDATA[#%RAML 1.0 DataType
type: string]]></types:shape>
    </types:type>
    <types:type name="auto_e64fc98c-bb49-461b-bb0e-6433a8547d65_Output-Payload" format="java">
      <types:shape format="weave" example="weave/autogenerated/e64fc98c-bb49-461b-bb0e-6433a8547d65/Output-Payload.wev" autogeneratedOrigin="54b96b5a-1391-4957-999e-d6c9ce206fe6"><![CDATA[%dw 2.0

type auto_e64fc98c_bb49_461b_bb0e_6433a8547d65_Output_Payload = Any

]]></types:shape>
    </types:type>
    <types:type name="auto_e64fc98c-bb49-461b-bb0e-6433a8547d65_Output-Attributes" format="java">
      <types:shape format="weave" example="weave/autogenerated/e64fc98c-bb49-461b-bb0e-6433a8547d65/Output-Attributes.wev" autogeneratedOrigin="54b96b5a-1391-4957-999e-d6c9ce206fe6"><![CDATA[%dw 2.0

type auto_e64fc98c_bb49_461b_bb0e_6433a8547d65_Output_Attributes = {|
  statusCode: Number, 
  reasonPhrase: String, 
  headers: { _?: String }
|} {"typeAlias": "HttpResponseAttributes",
"typeId": "org.mule.extension.http.api.HttpResponseAttributes"}

]]></types:shape>
    </types:type>
    <types:type name="auto_e64fc98c-bb49-461b-bb0e-6433a8547d65_Output-Variables-inputPayload" format="java">
      <types:shape format="weave" example="weave/autogenerated/e64fc98c-bb49-461b-bb0e-6433a8547d65/Output-Variables-inputPayload.wev" autogeneratedOrigin="54b96b5a-1391-4957-999e-d6c9ce206fe6"><![CDATA[%dw 2.0

type auto_e64fc98c_bb49_461b_bb0e_6433a8547d65_Output_Variables_inputPayload = {
  Origin: String, 
  IsDraft?: String, 
  SearchCCOID: String, 
  CaseNumber?: String, 
  CaseID?: String, 
  CaseNote: { _?: Any }, 
  _?: Any
}

]]></types:shape>
    </types:type>
    <types:type name="auto_e64fc98c-bb49-461b-bb0e-6433a8547d65_Output-Variables-casenumber" format="java">
      <types:shape format="raml" autogeneratedOrigin="54b96b5a-1391-4957-999e-d6c9ce206fe6"><![CDATA[#%RAML 1.0 DataType
type: string]]></types:shape>
    </types:type>
    <types:type name="auto_e64fc98c-bb49-461b-bb0e-6433a8547d65_Output-Variables-sfdcToken" format="java">
      <types:shape format="weave" example="weave/autogenerated/e64fc98c-bb49-461b-bb0e-6433a8547d65/Output-Variables-sfdcToken.wev" autogeneratedOrigin="54b96b5a-1391-4957-999e-d6c9ce206fe6"><![CDATA[%dw 2.0

type auto_e64fc98c_bb49_461b_bb0e_6433a8547d65_Output_Variables_sfdcToken = Any

]]></types:shape>
    </types:type>
    <types:type name="auto_e64fc98c-bb49-461b-bb0e-6433a8547d65_Output-Variables-outboundHeaders" format="java">
      <types:shape format="weave" example="weave/autogenerated/e64fc98c-bb49-461b-bb0e-6433a8547d65/Output-Variables-outboundHeaders.wev" autogeneratedOrigin="54b96b5a-1391-4957-999e-d6c9ce206fe6"><![CDATA[%dw 2.0

type auto_e64fc98c_bb49_461b_bb0e_6433a8547d65_Output_Variables_outboundHeaders = {|  |}

]]></types:shape>
    </types:type>
    <types:type name="auto_e64fc98c-bb49-461b-bb0e-6433a8547d65_Output-Variables-httpStatus" format="java">
      <types:shape format="raml" autogeneratedOrigin="54b96b5a-1391-4957-999e-d6c9ce206fe6"><![CDATA[#%RAML 1.0 DataType
type: string]]></types:shape>
    </types:type>
  </types:catalog>
  <types:enrichment select="#e64fc98c-bb49-461b-bb0e-6433a8547d65">
    <types:processor-declaration>
      <types:input-event>
        <types:message>
          <types:payload type="auto_e64fc98c-bb49-461b-bb0e-6433a8547d65_Input-Payload"/>
          <types:attributes type="auto_e64fc98c-bb49-461b-bb0e-6433a8547d65_Input-Attributes"/>
        </types:message>
        <types:variables>
          <types:variable name="outboundHeaders" type="auto_e64fc98c-bb49-461b-bb0e-6433a8547d65_Input-Variables-outboundHeaders"/>
          <types:variable name="inputPayload" type="auto_e64fc98c-bb49-461b-bb0e-6433a8547d65_Input-Variables-inputPayload"/>
          <types:variable name="casenumber" type="auto_e64fc98c-bb49-461b-bb0e-6433a8547d65_Input-Variables-casenumber"/>
          <types:variable name="httpStatus" type="auto_e64fc98c-bb49-461b-bb0e-6433a8547d65_Input-Variables-httpStatus"/>
        </types:variables>
      </types:input-event>
      <types:output-event>
        <types:message>
          <types:payload type="auto_e64fc98c-bb49-461b-bb0e-6433a8547d65_Output-Payload"/>
          <types:attributes type="auto_e64fc98c-bb49-461b-bb0e-6433a8547d65_Output-Attributes"/>
        </types:message>
        <types:variables>
          <types:variable name="outboundHeaders" type="auto_e64fc98c-bb49-461b-bb0e-6433a8547d65_Output-Variables-outboundHeaders"/>
          <types:variable name="inputPayload" type="auto_e64fc98c-bb49-461b-bb0e-6433a8547d65_Output-Variables-inputPayload"/>
          <types:variable name="casenumber" type="auto_e64fc98c-bb49-461b-bb0e-6433a8547d65_Output-Variables-casenumber"/>
          <types:variable name="httpStatus" type="auto_e64fc98c-bb49-461b-bb0e-6433a8547d65_Output-Variables-httpStatus"/>
          <types:variable name="sfdcToken" type="auto_e64fc98c-bb49-461b-bb0e-6433a8547d65_Output-Variables-sfdcToken"/>
        </types:variables>
      </types:output-event>
    </types:processor-declaration>
  </types:enrichment>
</types:mule>