<?xml version="1.0"?>
<!DOCTYPE hibernate-configuration PUBLIC
        "-//Hibernate/Hibernate Configuration DTD 3.0//EN"
        "http://www.hibernate.org/dtd/hibernate-configuration-3.0.dtd">

<hibernate-configuration>
    <session-factory>
        <property name="connection.driver_class">com.mysql.cj.jdbc.Driver</property>
        <property name="connection.url">jdbc:mysql://localhost:3306/LearnHb</property>
        <property name="connection.username">root</property>
        <property name="connection.password">Immrdg21</property>
        <property name="dialect">org.hibernate.dialect.MySQLDialect</property>
        <property name="show_sql">true</property>
        <property name="hbm2ddl.auto">update</property>

        <mapping class="org.example.railwaycrossingapp.models.CrossingInfo"/>
        <mapping class="org.example.railwaycrossingapp.models.User"/>
        <mapping class="org.example.railwaycrossingapp.models.UserFavoriteCrossing"/>
    </session-factory>
</hibernate-configuration>