<configuration>
    <appender
            name="STDOUT"
            class="ch.qos.logback.core.ConsoleAppender">
        <encoder
                class="ch.qos.logback.classic.encoder.PatternLayoutEncoder">
            <Pattern>%d{yyyy-MM-dd HH:mm:ss} %-5level %logger{36} - %msg%n</Pattern>
        </encoder>
    </appender>
    <logger name="org.hibernate.SQL"
            level="debug"
            additivity="false">
        <appender-ref ref="STDOUT"/>
    </logger>
    <logger name="org.hibernate.orm"
            level="error"
            additivity="false">
        <appender-ref ref="STDOUT"/>
    </logger>
    <logger name="org.hibernate.type"
            level="error"
            additivity="false">
        <appender-ref ref="STDOUT"/>
    </logger>
    <logger name="org.hibernate.type.descriptor.sql"
            level="trace"
            additivity="false">
        <appender-ref ref="STDOUT"/>
    </logger>
    <logger name="org.apache.catalina"
            level="trace"
            additivity="false">
        <appender-ref ref="STDOUT"/>
    </logger>
    <root level="error">
        <appender-ref ref="STDOUT"/>
    </root>
</configuration>