{
	"$schema": "http://json-schema.org/draft-04/schema#",
	"type": "object",
	"properties": {
		"parameters": {
			"type": "array",
			"items": {
				"type": "object",
				"properties": {
					"Name": {
						"type": "string"
					},
					"Values": {
						"type": "array",
						"items": {
							"type": "string"
						},						
						"minItems": 1,
						"uniqueItems": true
					},
					"NotValues": {
						"type": "array",
						"items": {
							"type": "string"
						},						
						"minItems": 1,
						"uniqueItems": true
					}
				},
				"required": [
					"Name"
				]
			},
			"minItems": 1,
			"required": [
				"0"
			]
		}
	},
	"required": [
		"parameters"
	]
}