{
"SearchCCOID": "praddash",
 "Origin": "Web",
 "Subject": "Testing 123",
 "Description": "Creating Sample Case",
 "Priority": "P4",
 "IsItForFederal": "false",
 "ServiceCatalogName": "SR-1111",
 "SourceSystem":" CCW(CCW-Order-Support@cisco.com)",
 "DynamicFieldList" :[
           {
                DynamicFieldLabel : "Requestor Contact Email",
                DynamicFieldValue : "praddash@cisco.com"
                
           },
           {
                DynamicFieldLabel : "Requestor Contact Name",
                DynamicFieldValue : "Pradeep Dash"
           }
     ]    
}
