{
  "$schema": "http://json-schema.org/draft-04/schema#",
  "type": "object",
  "properties": {
    "SearchCCOID": {
      "type": "string"
    },
    "Origin": {
      "type": "string"
    },
    "Subject": {
      "type": "string"
    },
    "Description": {
      "type": ["string","integer"]
    },
    "Priority": {
      "type": "string"
    },
    "IsItForFederal": {
      "type": "string"
    },
    
    "ServiceCategory" : {
      "type" : "string",
      "minLength": 1
    },
    "ServiceName" : {
      "type" : "string"
    },
    "ServiceOffering" : {
      "type" : "string"
    },
    "DynamicQuestion" : {
      "type" : "string"
    },
    "DynamicResponse" : {
      "type" : "string"
    },  
    "MenuOption" : {
      "type" : "string"
    },
    "SourceSystem" : {
      "type" : "string"
    },
    "CaseNote": {
      "type" : "object"
    },
    "ServiceCatalogName" : {
      "type" : "string",
      "minLength": 1
    },
    "ServiceId" : {
      "type" : "string",
      "minLength": 1
    }  
    
  },
  "required": [
    "SearchCCOID",
    "Origin",
    "Subject"
  ]
}